seed,test_window_index,scale,router_weight
42,0,1,0.2387651652097702
42,0,2,0.16038517653942108
42,0,4,0.6008496284484863
42,1,1,0.23666228353977203
42,1,2,0.15955889225006104
42,1,4,0.6037788391113281
42,2,1,0.2302925139665604
42,2,2,0.1569070070981979
42,2,4,0.6128005385398865
42,3,1,0.2448188215494156
42,3,2,0.16286616027355194
42,3,4,0.5923150777816772
42,4,1,0.24847884476184845
42,4,2,0.16431854665279388
42,4,4,0.5872026681900024
42,5,1,0.2540758848190308
42,5,2,0.1665486246347427
42,5,4,0.5793755054473877
42,6,1,0.2545948326587677
42,6,2,0.1667378693819046
42,6,4,0.5786672234535217
42,7,1,0.2662883996963501
42,7,2,0.1712450236082077
42,7,4,0.5624666213989258
42,8,1,0.26564478874206543
42,8,2,0.17102451622486115
42,8,4,0.5633307099342345
42,9,1,0.27190467715263367
42,9,2,0.17343024909496307
42,9,4,0.5546650886535645
42,10,1,0.2535658180713653
42,10,2,0.16660000383853912
42,10,4,0.5798342227935791
42,11,1,0.2474728226661682
42,11,2,0.1643724739551544
42,11,4,0.5881547927856445
42,12,1,0.2494438737630844
42,12,2,0.16534993052482605
42,12,4,0.5852062106132507
42,13,1,0.24322056770324707
42,13,2,0.16306486725807187
42,13,4,0.5937145948410033
42,14,1,0.2443370819091797
42,14,2,0.16370590031147003
42,14,4,0.5919570326805115
42,15,1,0.23644164204597476
42,15,2,0.16068442165851593
42,15,4,0.6028739809989929
42,16,1,0.22455063462257385
42,16,2,0.15585029125213623
42,16,4,0.6195990443229675
42,17,1,0.2375585436820984
42,17,2,0.1614845097064972
42,17,4,0.6009569764137268
42,18,1,0.23667044937610623
42,18,2,0.16130216419696808
42,18,4,0.6020273566246033
42,19,1,0.21549443900585172
42,19,2,0.1521545648574829
42,19,4,0.6323510408401489
42,20,1,0.22723832726478577
42,20,2,0.15750733017921448
42,20,4,0.6152543425559998
42,21,1,0.2532779276371002
42,21,2,0.16826431453227997
42,21,4,0.5784578323364258
42,22,1,0.2458512634038925
42,22,2,0.1653981655836105
42,22,4,0.5887505412101746
42,23,1,0.2374272346496582
42,23,2,0.16203205287456512
42,23,4,0.6005407571792603
42,24,1,0.2520162761211395
42,24,2,0.16803352534770963
42,24,4,0.5799501538276672
42,25,1,0.2600644528865814
42,25,2,0.17132538557052612
42,25,4,0.5686101913452148
42,26,1,0.2573387026786804
42,26,2,0.1703734993934631
42,26,4,0.5722877979278564
42,27,1,0.27454274892807007
42,27,2,0.17705465853214264
42,27,4,0.5484026074409485
42,28,1,0.26773008704185486
42,28,2,0.1746433973312378
42,28,4,0.5576265454292296
42,29,1,0.2605806589126587
42,29,2,0.17199456691741943
42,29,4,0.5674247741699219
42,30,1,0.2782678008079529
42,30,2,0.17874100804328918
42,30,4,0.5429912209510803
42,31,1,0.26659607887268066
42,31,2,0.17443785071372983
42,31,4,0.5589660406112671
42,32,1,0.28182926774024963
42,32,2,0.18020571768283844
42,32,4,0.5379649996757507
42,33,1,0.28010943531990046
42,33,2,0.1797218471765518
42,33,4,0.5401687622070312
42,34,1,0.2804420292377472
42,34,2,0.18008236587047577
42,34,4,0.5394755601882936
42,35,1,0.27043572068214417
42,35,2,0.17664450407028198
42,35,4,0.5529197454452515
42,36,1,0.24772000312805173
42,36,2,0.1680019050836563
42,36,4,0.5842781066894531
42,37,1,0.2409203797578812
42,37,2,0.1654258817434311
42,37,4,0.5936537384986876
42,38,1,0.24260292947292328
42,38,2,0.1663118153810501
42,38,4,0.5910851955413817
42,39,1,0.23643426597118375
42,39,2,0.16394838690757751
42,39,4,0.5996173620223999
42,40,1,0.22655040025711057
42,40,2,0.15979540348052979
42,40,4,0.6136541366577148
42,41,1,0.22522191703319547
42,41,2,0.15936315059661865
42,41,4,0.6154149770736694
42,42,1,0.22738665342330927
42,42,2,0.16045688092708588
42,42,4,0.6121565103530884
42,43,1,0.23301936686038968
42,43,2,0.16307781636714935
42,43,4,0.6039027571678162
42,44,1,0.23368991911411283
42,44,2,0.16350668668746948
42,44,4,0.6028034090995789
42,45,1,0.23394034802913663
42,45,2,0.16369302570819855
42,45,4,0.6023666262626648
42,46,1,0.23666834831237793
42,46,2,0.16495873034000397
42,46,4,0.5983729958534241
42,47,1,0.22356030344963077
42,47,2,0.1592257022857666
42,47,4,0.6172140240669249
42,48,1,0.22765511274337769
42,48,2,0.16111689805984497
42,48,4,0.6112279891967772
42,49,1,0.23716269433498385
42,49,2,0.1653955578804016
42,49,4,0.5974416732788086
42,50,1,0.22987946867942807
42,50,2,0.16222842037677765
42,50,4,0.6078920960426331
42,51,1,0.25169321894645685
42,51,2,0.17156484723091123
42,51,4,0.5767419338226318
42,52,1,0.24880127608776087
42,52,2,0.17045335471630096
42,52,4,0.5807453393936157
42,53,1,0.25801733136177063
42,53,2,0.1742204874753952
42,53,4,0.5677621364593506
42,54,1,0.24519133567810056
42,54,2,0.16900579631328583
42,54,4,0.5858028531074524
42,55,1,0.2581615447998047
42,55,2,0.17433783411979675
42,55,4,0.5675005912780762
42,56,1,0.26425498723983765
42,56,2,0.1767563670873642
42,56,4,0.5589886903762816
42,57,1,0.2417579740285873
42,57,2,0.16768759489059448
42,57,4,0.5905544757843018
42,58,1,0.21821080148220065
42,58,2,0.15637819468975067
42,58,4,0.6254110336303711
42,59,1,0.20754337310791013
42,59,2,0.1496294140815735
42,59,4,0.6428272128105164
42,60,1,0.2010779827833176
42,60,2,0.14551188051700592
42,60,4,0.6534101963043213
42,61,1,0.1995854377746582
42,61,2,0.14456036686897275
42,61,4,0.6558541655540465
42,62,1,0.19347910583019257
42,62,2,0.13997726142406464
42,62,4,0.6665436029434204
42,63,1,0.19142006337642667
42,63,2,0.13833457231521606
42,63,4,0.6702452898025513
42,64,1,0.18945057690143585
42,64,2,0.1367478221654892
42,64,4,0.6738015413284302
42,65,1,0.1894443333148956
42,65,2,0.13672722876071927
42,65,4,0.6738284230232239
42,66,1,0.19235059618949887
42,66,2,0.13904622197151184
42,66,4,0.6686031818389893
42,67,1,0.19965505599975583
42,67,2,0.1445436328649521
42,67,4,0.6558012962341309
42,68,1,0.2050105780363083
42,68,2,0.14792890846729279
42,68,4,0.6470605134963989
42,69,1,0.21371667087078092
42,69,2,0.15348213911056519
42,69,4,0.6328011751174927
42,70,1,0.21892318129539487
42,70,2,0.15676240622997284
42,70,4,0.6243144273757936
42,71,1,0.21780367195606232
42,71,2,0.15605436265468595
42,71,4,0.6261419653892517
42,72,1,0.21857529878616333
42,72,2,0.1565324366092682
42,72,4,0.6248922348022461
42,73,1,0.22069102525711057
42,73,2,0.15785734355449677
42,73,4,0.6214516162872313
42,74,1,0.2315765619277954
42,74,2,0.1634429693222046
42,74,4,0.60498046875
42,75,1,0.23481038212776184
42,75,2,0.16488027572631836
42,75,4,0.6003093719482422
42,76,1,0.24006049335002896
42,76,2,0.1671583652496338
42,76,4,0.5927811861038208
42,77,1,0.23594214022159576
42,77,2,0.16537201404571533
42,77,4,0.5986858010292053
42,78,1,0.24619027972221372
42,78,2,0.16981276869773865
42,78,4,0.5839969515800476
42,79,1,0.24326053261756897
42,79,2,0.16858038306236267
42,79,4,0.5881590843200684
42,80,1,0.2441017180681229
42,80,2,0.16897249221801755
42,80,4,0.5869258046150208
42,81,1,0.22846367955207825
42,81,2,0.16216319799423215
42,81,4,0.6093730926513672
42,82,1,0.2157517969608307
42,82,2,0.15487705171108243
42,82,4,0.6293711066246033
42,83,1,0.20326113700866696
42,83,2,0.1469295024871826
42,83,4,0.6498093008995056
42,84,1,0.19807574152946472
42,84,2,0.14357390999794006
42,84,4,0.6583502888679504
42,85,1,0.19505904614925385
42,85,2,0.1411394476890564
42,85,4,0.6638016104698181
42,86,1,0.1941879838705063
42,86,2,0.140432208776474
42,86,4,0.6653797626495361
42,87,1,0.19478596746921537
42,87,2,0.14090482890605927
42,87,4,0.6643092036247252
42,88,1,0.19113339483737943
42,88,2,0.13797111809253693
42,88,4,0.6708953976631165
42,89,1,0.1915627121925354
42,89,2,0.13830982148647308
42,89,4,0.6701275110244751
42,90,1,0.19352449476718905
42,90,2,0.1398678570985794
42,90,4,0.6666076183319092
42,91,1,0.19699859619140625
42,91,2,0.14264211058616638
42,91,4,0.6603593230247498
42,92,1,0.20294938981533048
42,92,2,0.1466347575187683
42,92,4,0.6504158973693848
42,93,1,0.21406126022338867
42,93,2,0.1537262499332428
42,93,4,0.632212460041046
42,94,1,0.2194146513938904
42,94,2,0.15708601474761963
42,94,4,0.6234992742538452
42,95,1,0.2144785225391388
42,95,2,0.15392619371414185
42,95,4,0.6315953135490417
42,96,1,0.2154579609632492
42,96,2,0.15450778603553772
42,96,4,0.6300342679023743
42,97,1,0.21518810093402865
42,97,2,0.15435190498828888
42,97,4,0.6304600834846497
42,98,1,0.2236691415309906
42,98,2,0.1595931500196457
42,98,4,0.6167377233505249
42,99,1,0.23271189630031583
42,99,2,0.16375042498111725
42,99,4,0.6035376787185669
42,100,1,0.2316013276576996
42,100,2,0.16324813663959503
42,100,4,0.6051505208015442
42,101,1,0.22432999312877652
42,101,2,0.15984593331813812
42,101,4,0.6158241033554077
42,102,1,0.23053677380084991
42,102,2,0.1626702696084976
42,102,4,0.6067929267883301
42,103,1,0.23613315820693967
42,103,2,0.16506069898605347
42,103,4,0.5988061428070068
42,104,1,0.23513001203536987
42,104,2,0.16457347571849823
42,104,4,0.6002964973449707
42,105,1,0.22775492072105408
42,105,2,0.1612248122692108
42,105,4,0.6110202670097351
42,106,1,0.21320153772830963
42,106,2,0.15298612415790555
42,106,4,0.6338123679161072
42,107,1,0.200569212436676
42,107,2,0.14489443600177765
42,107,4,0.6545364260673523
42,108,1,0.19654235243797305
42,108,2,0.14224201440811157
42,108,4,0.6612156033515929
42,109,1,0.19172203540802
42,109,2,0.13892240822315216
42,109,4,0.669355571269989
42,110,1,0.1949714720249176
42,110,2,0.14111478626728055
42,110,4,0.6639137268066406
42,111,1,0.19059972465038297
42,111,2,0.1381007730960846
42,111,4,0.6712995171546936
42,112,1,0.18956579267978668
42,112,2,0.13732193410396576
42,112,4,0.6731122732162476
42,113,1,0.18803466856479645
42,113,2,0.13624615967273712
42,113,4,0.6757190823554993
42,114,1,0.19219540059566495
42,114,2,0.1390666365623474
42,114,4,0.6687380075454712
42,115,1,0.20317614078521729
42,115,2,0.14610208570957184
42,115,4,0.6507217288017273
42,116,1,0.2122509926557541
42,116,2,0.15184788405895233
42,116,4,0.635901153087616
42,117,1,0.22397810220718384
42,117,2,0.15807008743286133
42,117,4,0.6179518103599548
42,118,1,0.22133119404315948
42,118,2,0.15682893991470337
42,118,4,0.6218398213386536
42,119,1,0.22806729376316073
42,119,2,0.15981097519397736
42,119,4,0.6121217012405396
42,120,1,0.21868094801902768
42,120,2,0.15555851161479947
42,120,4,0.625760555267334
42,121,1,0.23286996781826017
42,121,2,0.161760076880455
42,121,4,0.6053699851036072
42,122,1,0.2237960547208786
42,122,2,0.157696932554245
42,122,4,0.6185069680213928
42,123,1,0.22710867226123807
42,123,2,0.15904298424720764
42,123,4,0.6138483285903931
42,124,1,0.23824091255664823
42,124,2,0.16373442113399503
42,124,4,0.5980247259140015
42,125,1,0.23678162693977356
42,125,2,0.1630651354789734
42,125,4,0.6001532077789307
42,126,1,0.2474587708711624
42,126,2,0.16736087203025815
42,126,4,0.585180401802063
42,127,1,0.2609533667564392
42,127,2,0.1726910024881363
42,127,4,0.5663556456565857
42,128,1,0.2643412947654724
42,128,2,0.17395205795764923
42,128,4,0.5617066621780396
42,129,1,0.24007688462734225
42,129,2,0.16420225799083707
42,129,4,0.5957208275794983
42,130,1,0.21732512116432187
42,130,2,0.15421879291534424
42,130,4,0.6284561157226562
42,131,1,0.20198689401149747
42,131,2,0.14528590440750122
42,131,4,0.6527272462844849
42,132,1,0.19490939378738403
42,132,2,0.14067614078521729
42,132,4,0.6644144654273987
42,133,1,0.19440500438213348
42,133,2,0.1402449756860733
42,133,4,0.6653500199317932
42,134,1,0.18924149870872495
42,134,2,0.13683342933654785
42,134,4,0.6739250421524048
42,135,1,0.18718490004539487
42,135,2,0.13540387153625488
42,135,4,0.6774112582206726
42,136,1,0.18522244691848755
42,136,2,0.13402673602104187
42,136,4,0.680750846862793
42,137,1,0.18676218390464783
42,137,2,0.13493284583091736
42,137,4,0.6783050298690796
42,138,1,0.1912100315093994
42,138,2,0.1377236247062683
42,138,4,0.6710662841796875
42,139,1,0.1994945257902145
42,139,2,0.14296390116214752
42,139,4,0.6575415730476379
42,140,1,0.2072725594043732
42,140,2,0.14765578508377075
42,140,4,0.6450716257095337
42,141,1,0.22077648341655728
42,141,2,0.15423764288425443
42,141,4,0.624985933303833
42,142,1,0.2192707061767578
42,142,2,0.15352381765842435
42,142,4,0.627205491065979
42,143,1,0.2210101932287216
42,143,2,0.15425868332386017
42,143,4,0.6247311234474182
42,144,1,0.2301307022571564
42,144,2,0.1581384241580963
42,144,4,0.6117308735847473
42,145,1,0.224453330039978
42,145,2,0.15568266808986664
42,145,4,0.6198640465736389
42,146,1,0.22996219992637637
42,146,2,0.15800005197525024
42,146,4,0.6120378375053406
42,147,1,0.24546194076538083
42,147,2,0.16432474553585052
42,147,4,0.5902133584022522
42,148,1,0.24288782477378845
42,148,2,0.1632550209760666
42,148,4,0.5938571691513062
42,149,1,0.25166490674018854
42,149,2,0.1667174994945526
42,149,4,0.5816175937652588
42,150,1,0.2560793161392212
42,150,2,0.16845758259296417
42,150,4,0.5754631161689758
42,151,1,0.24817489087581637
42,151,2,0.16530288755893707
42,151,4,0.5865222215652466
42,152,1,0.24739444255828855
42,152,2,0.1649286150932312
42,152,4,0.5876768827438353
42,153,1,0.2353079617023468
42,153,2,0.15999272465705872
42,153,4,0.6046993136405945
42,154,1,0.2130572199821472
42,154,2,0.15047207474708557
42,154,4,0.6364706754684448
42,155,1,0.20224896073341367
42,155,2,0.14445140957832336
42,155,4,0.6532995700836182
42,156,1,0.19331358373165128
42,156,2,0.13881811499595642
42,156,4,0.6678683161735535
42,157,1,0.19176639616489408
42,157,2,0.13782842457294464
42,157,4,0.6704051494598389
42,158,1,0.19045761227607727
42,158,2,0.13700610399246216
42,158,4,0.6725362539291382
42,159,1,0.18907473981380463
42,159,2,0.13614356517791748
42,159,4,0.6747816801071167
42,160,1,0.19076353311538696
42,160,2,0.13726158440113068
42,160,4,0.6719748973846436
42,161,1,0.19304578006267548
42,161,2,0.13877689838409424
42,161,4,0.6681773066520691
42,162,1,0.1979324370622635
42,162,2,0.1419291794300079
42,162,4,0.6601384282112122
42,163,1,0.20515263080596924
42,163,2,0.14637236297130585
42,163,4,0.6484749913215637
42,164,1,0.22432222962379453
42,164,2,0.15551039576530457
42,164,4,0.6201674342155457
42,165,1,0.24355024099349973
42,165,2,0.1635848432779312
42,165,4,0.5928649306297302
42,166,1,0.232512041926384
42,166,2,0.15908631682395935
42,166,4,0.6084016561508179
42,167,1,0.2371472269296646
42,167,2,0.16105951368808746
42,167,4,0.6017932295799255
42,168,1,0.23855225741863248
42,168,2,0.16168899834156036
42,168,4,0.5997587442398071
42,169,1,0.23074716329574585
42,169,2,0.15846867859363556
42,169,4,0.6107841730117798
42,170,1,0.2420012056827545
42,170,2,0.16312579810619354
42,170,4,0.5948729515075684
42,171,1,0.24156312644481656
42,171,2,0.1629507541656494
42,171,4,0.5954861044883728
42,172,1,0.2571083605289459
42,172,2,0.169150710105896
42,172,4,0.5737409591674805
42,173,1,0.2505880892276764
42,173,2,0.16662240028381348
42,173,4,0.5827895402908325
42,174,1,0.264902800321579
42,174,2,0.1721966564655304
42,174,4,0.5629004836082457
42,175,1,0.27490878105163574
42,175,2,0.1760066449642181
42,175,4,0.5490845441818237
42,176,1,0.27128589153289795
42,176,2,0.17474099993705747
42,176,4,0.5539730787277222
42,177,1,0.26434949040412903
42,177,2,0.1722317934036255
42,177,4,0.5634187459945679
42,178,1,0.2658004462718964
42,178,2,0.1729394495487213
42,178,4,0.5612601637840271
42,179,1,0.2494077682495117
42,179,2,0.16673842072486875
42,179,4,0.5838537812232971
42,180,1,0.2441348135471344
42,180,2,0.16478927433490753
42,180,4,0.5910759568214417
42,181,1,0.23511794209480283
42,181,2,0.16124877333641052
42,181,4,0.6036332249641417
42,182,1,0.23957359790802
42,182,2,0.16326789557933807
42,182,4,0.5971584916114807
42,183,1,0.2324645668268204
42,183,2,0.16046561300754547
42,183,4,0.6070698499679564
42,184,1,0.2355399578809738
42,184,2,0.16194231808185575
42,184,4,0.6025177240371704
42,185,1,0.22968614101409912
42,185,2,0.1596325635910034
42,185,4,0.6106812953948976
42,186,1,0.2278580665588379
42,186,2,0.1589781939983368
42,186,4,0.6131637096405029
42,187,1,0.22893488407135007
42,187,2,0.15956497192382812
42,187,4,0.6115001440048218
42,188,1,0.22633118927478793
42,188,2,0.1585090607404709
42,188,4,0.615159809589386
42,189,1,0.2355870604515076
42,189,2,0.16258658468723297
42,189,4,0.6018263697624208
42,190,1,0.2291750460863113
42,190,2,0.15985634922981262
42,190,4,0.6109686493873596
42,191,1,0.22496074438095087
42,191,2,0.15804030001163483
42,191,4,0.6169989705085753
42,192,1,0.2361682504415512
42,192,2,0.16296832263469696
42,192,4,0.6008634567260742
42,193,1,0.23747478425502777
42,193,2,0.16358613967895508
42,193,4,0.5989390015602112
42,194,1,0.25073227286338806
42,194,2,0.16906900703907013
42,194,4,0.5801987648010254
42,195,1,0.2438587248325348
42,195,2,0.16631317138671875
42,195,4,0.5898281335830688
42,196,1,0.25229835510253906
42,196,2,0.16976915299892423
42,196,4,0.5779324769973755
42,197,1,0.24598415195941925
42,197,2,0.16729190945625305
42,197,4,0.5867239236831665
42,198,1,0.24973243474960327
42,198,2,0.16886501014232635
42,198,4,0.581402599811554
42,199,1,0.25765591859817505
42,199,2,0.17207178473472595
42,199,4,0.5702722668647766
42,200,1,0.2561732232570648
42,200,2,0.1715455651283264
42,200,4,0.5722811818122864
42,201,1,0.26185646653175354
42,201,2,0.17386257648468015
42,201,4,0.5642809271812439
42,202,1,0.2579309046268463
42,202,2,0.17247620224952695
42,202,4,0.5695928931236267
42,203,1,0.256252646446228
42,203,2,0.17201831936836243
42,203,4,0.5717290639877319
42,204,1,0.23894256353378293
42,204,2,0.16515052318572998
42,204,4,0.5959068536758423
42,205,1,0.2425292730331421
42,205,2,0.16685637831687927
42,205,4,0.5906143188476562
42,206,1,0.2397926449775696
42,206,2,0.1658581644296646
42,206,4,0.5943491458892822
42,207,1,0.24222731590271
42,207,2,0.16708698868751523
42,207,4,0.5906857252120972
42,208,1,0.2347024530172348
42,208,2,0.16402184963226318
42,208,4,0.6012757420539856
42,209,1,0.23038475215435028
42,209,2,0.1623001843690872
42,209,4,0.6073150038719177
42,210,1,0.22492314875125885
42,210,2,0.16000674664974213
42,210,4,0.615070104598999
42,211,1,0.22649598121643064
42,211,2,0.1608055830001831
42,211,4,0.6126983761787416
42,212,1,0.2314837276935577
42,212,2,0.16309033334255219
42,212,4,0.6054259538650513
42,213,1,0.23872517049312592
42,213,2,0.1662997156381607
42,213,4,0.5949751138687134
42,214,1,0.22418446838855743
42,214,2,0.15993021428585052
42,214,4,0.615885317325592
42,215,1,0.22554299235343933
42,215,2,0.160544753074646
42,215,4,0.6139122843742371
42,216,1,0.2215499132871628
42,216,2,0.1588849127292633
42,216,4,0.6195651888847351
42,217,1,0.22056181728839877
42,217,2,0.1583002805709839
42,217,4,0.6211378574371338
42,218,1,0.2249111235141754
42,218,2,0.16028238832950592
42,218,4,0.6148064732551575
42,219,1,0.22933734953403473
42,219,2,0.16227461397647855
42,219,4,0.6083880662918091
42,220,1,0.2353631407022476
42,220,2,0.1649351418018341
42,220,4,0.5997017025947571
42,221,1,0.23320637643337247
42,221,2,0.163997083902359
42,221,4,0.6027965545654297
42,222,1,0.2364403605461121
42,222,2,0.16539134085178375
42,222,4,0.5981683135032654
42,223,1,0.24575828015804288
42,223,2,0.169347882270813
42,223,4,0.5848938822746277
42,224,1,0.23706622421741483
42,224,2,0.16556328535079956
42,224,4,0.597370445728302
42,225,1,0.215747132897377
42,225,2,0.15523548424243927
42,225,4,0.6290174126625061
42,226,1,0.21083520352840424
42,226,2,0.1520894169807434
42,226,4,0.6370753645896912
42,227,1,0.19874645769596097
42,227,2,0.1443355679512024
42,227,4,0.6569179892539978
42,228,1,0.194705069065094
42,228,2,0.14145778119564056
42,228,4,0.6638371944427489
42,229,1,0.19129702448844907
42,229,2,0.13870567083358765
42,229,4,0.6699972748756409
42,230,1,0.192931205034256
42,230,2,0.13999491930007935
42,230,4,0.6670739054679872
42,231,1,0.1894458532333374
42,231,2,0.1371745765209198
42,231,4,0.6733795404434204
42,232,1,0.18882951140403748
42,232,2,0.13665667176246643
42,232,4,0.6745138168334961
42,233,1,0.19044405221939087
42,233,2,0.13792987167835236
42,233,4,0.6716260313987732
42,234,1,0.19148513674736023
42,234,2,0.13873888552188873
42,234,4,0.6697759628295897
42,235,1,0.19761990010738367
42,235,2,0.14339298009872437
42,235,4,0.6589871048927307
42,236,1,0.19986025989055636
42,236,2,0.14480440318584442
42,236,4,0.6553353071212769
42,237,1,0.20976103842258453
42,237,2,0.1510876566171646
42,237,4,0.6391512751579285
42,238,1,0.2131676524877548
42,238,2,0.15320657193660736
42,238,4,0.633625864982605
42,239,1,0.2108425050973892
42,239,2,0.15169538557529447
42,239,4,0.6374620795249938
42,240,1,0.21489723026752472
42,240,2,0.15425358712673187
42,240,4,0.6308492422103882
42,241,1,0.22239017486572263
42,241,2,0.15880867838859558
42,241,4,0.6188011765480042
42,242,1,0.23411403596401212
42,242,2,0.1640997976064682
42,242,4,0.601786196231842
42,243,1,0.2340969890356064
42,243,2,0.1640862077474594
42,243,4,0.6018168330192566
42,244,1,0.2221240401268005
42,244,2,0.15854404866695404
42,244,4,0.6193318963050841
42,245,1,0.2296064645051956
42,245,2,0.16202609241008759
42,245,4,0.6083674430847168
42,246,1,0.24801230430603027
42,246,2,0.169891357421875
42,246,4,0.5820963382720947
42,247,1,0.24310089647769928
42,247,2,0.16787745058536527
42,247,4,0.5890216827392578
42,248,1,0.25932627916336054
42,248,2,0.17447984218597412
42,248,4,0.5661939382553101
42,249,1,0.2448246031999588
42,249,2,0.16868893802165985
42,249,4,0.5864865183830261
42,250,1,0.21345384418964383
42,250,2,0.15308277308940887
42,250,4,0.6334633827209473
42,251,1,0.20211702585220337
42,251,2,0.14584192633628845
42,251,4,0.6520411372184753
42,252,1,0.19387894868850708
42,252,2,0.14026223123073575
42,252,4,0.6658587455749512
42,253,1,0.19243255257606504
42,253,2,0.1390886902809143
42,253,4,0.668478786945343
42,254,1,0.19297899305820465
42,254,2,0.139512836933136
42,254,4,0.6675082445144653
42,255,1,0.18804724514484403
42,255,2,0.13552941381931305
42,255,4,0.6764233708381653
42,256,1,0.19099818170070648
42,256,2,0.13788357377052307
42,256,4,0.6711182594299316
42,257,1,0.1920001804828644
42,257,2,0.1386384069919586
42,257,4,0.6693613529205321
42,258,1,0.1952058970928192
42,258,2,0.14105263352394104
42,258,4,0.6637414693832396
42,259,1,0.19792006909847257
42,259,2,0.1428500264883041
42,259,4,0.6592298746109009
42,260,1,0.2047158032655716
42,260,2,0.14719152450561523
42,260,4,0.6480926275253296
42,261,1,0.20846004784107208
42,261,2,0.14958159625530243
42,261,4,0.6419583559036255
42,262,1,0.2116408497095108
42,262,2,0.15152648091316223
42,262,4,0.6368326544761658
42,263,1,0.21369194984436035
42,263,2,0.1528109759092331
42,263,4,0.63349711894989
42,264,1,0.21312536299228668
42,264,2,0.15242134034633636
42,264,4,0.634453296661377
42,265,1,0.21703886985778809
42,265,2,0.15481863915920255
42,265,4,0.6281424760818481
42,266,1,0.21761298179626465
42,266,2,0.1551350504159927
42,266,4,0.6272519826889038
42,267,1,0.2250821441411972
42,267,2,0.15947161614894867
42,267,4,0.6154462695121765
42,268,1,0.22591958940029144
42,268,2,0.1597698479890823
42,268,4,0.6143105030059814
42,269,1,0.23169638216495517
42,269,2,0.1622900515794754
42,269,4,0.6060135364532471
42,270,1,0.232244536280632
42,270,2,0.1624474823474884
42,270,4,0.6053079962730408
42,271,1,0.2325897514820099
42,271,2,0.16248856484889984
42,271,4,0.6049216389656067
42,272,1,0.2375546842813492
42,272,2,0.16448809206485748
42,272,4,0.5979571938514708
42,273,1,0.236152246594429
42,273,2,0.16382651031017303
42,273,4,0.6000213027000427
42,274,1,0.2124023288488388
42,274,2,0.15166114270687103
42,274,4,0.6359366178512573
42,275,1,0.19991184771060944
42,275,2,0.1436578780412674
42,275,4,0.6564302444458008
42,276,1,0.19360481202602384
42,276,2,0.13950812816619873
42,276,4,0.6668870449066162
42,277,1,0.18979166448116305
42,277,2,0.13689547777175903
42,277,4,0.6733129620552063
42,278,1,0.1888817399740219
42,278,2,0.13616223633289337
42,278,4,0.67495596408844
42,279,1,0.1855575889348984
42,279,2,0.13371165096759796
42,279,4,0.6807307600975037
42,280,1,0.1852553188800812
42,280,2,0.13342992961406708
42,280,4,0.6813147664070128
42,281,1,0.19051593542099
42,281,2,0.13690991699695587
42,281,4,0.6725741624832153
42,282,1,0.19243572652339933
42,282,2,0.1380501687526703
42,282,4,0.6695140600204468
42,283,1,0.20092041790485385
42,283,2,0.14334809780120847
42,283,4,0.6557314991950989
42,284,1,0.2028834372758865
42,284,2,0.14455406367778778
42,284,4,0.6525624990463257
42,285,1,0.21413333714008329
42,285,2,0.15142346918582916
42,285,4,0.6344431042671204
42,286,1,0.2135678678750992
42,286,2,0.1510542780160904
42,286,4,0.6353778839111328
42,287,1,0.21387583017349243
42,287,2,0.15116102993488312
42,287,4,0.6349630951881409
42,288,1,0.2166449874639511
42,288,2,0.15268169343471527
42,288,4,0.6306732892990112
42,289,1,0.21451489627361295
42,289,2,0.15138781070709229
42,289,4,0.6340972781181335
42,290,1,0.2260238379240036
42,290,2,0.15727640688419342
42,290,4,0.6166998147964478
42,291,1,0.23239754140377045
42,291,2,0.15992781519889832
42,291,4,0.6076746582984924
42,292,1,0.23412150144577024
42,292,2,0.16057950258255005
42,292,4,0.6052990555763245
42,293,1,0.22174614667892456
42,293,2,0.15523786842823029
42,293,4,0.6230159997940063
42,294,1,0.2283176928758621
42,294,2,0.15796956419944763
42,294,4,0.6137126684188843
42,295,1,0.23867182433605197
42,295,2,0.1622156053781509
42,295,4,0.5991125702857971
42,296,1,0.24215705692768097
42,296,2,0.1635856181383133
42,296,4,0.5942573547363281
42,297,1,0.24948327243328092
42,297,2,0.16647717356681824
42,297,4,0.584039568901062
42,298,1,0.24304321408271787
42,298,2,0.16383418440818787
42,298,4,0.5931226015090942
42,299,1,0.23821496963500977
42,299,2,0.1617961823940277
42,299,4,0.59998881816864
42,300,1,0.2313273847103119
42,300,2,0.15889510512351987
42,300,4,0.6097774505615233
42,301,1,0.22218942642211917
42,301,2,0.15493331849575043
42,301,4,0.6228772401809692
42,302,1,0.22624029219150543
42,302,2,0.15660594403743744
42,302,4,0.6171537041664124
42,303,1,0.21864879131317136
42,303,2,0.15281136333942413
42,303,4,0.6285399198532104
42,304,1,0.2274624854326248
42,304,2,0.15698090195655823
42,304,4,0.6155565977096558
42,305,1,0.21827578544616696
42,305,2,0.15244664251804352
42,305,4,0.6292776465415955
42,306,1,0.2149069905281067
42,306,2,0.15039607882499695
42,306,4,0.6346969604492188
42,307,1,0.21761606633663175
42,307,2,0.15194375813007355
42,307,4,0.6304401159286499
42,308,1,0.2287811636924744
42,308,2,0.15729382634162903
42,308,4,0.613925039768219
42,309,1,0.7153668403625488
42,309,2,0.24668484926223755
42,309,4,0.03794834017753601
42,310,1,0.7097290754318237
42,310,2,0.25262677669525146
42,310,4,0.03764411434531212
42,311,1,0.7037867903709412
42,311,2,0.2585506737232208
42,311,4,0.0376625582575798
42,312,1,0.6975927948951721
42,312,2,0.26452192664146423
42,312,4,0.03788520395755768
42,313,1,0.6912049055099487
42,313,2,0.27053362131118774
42,313,4,0.03826141357421875
42,314,1,0.6846947073936462
42,314,2,0.2765549421310425
42,314,4,0.03875038772821426
42,315,1,0.6780818700790405
42,315,2,0.2825865149497986
42,315,4,0.03933161124587059
42,316,1,0.671385645866394
42,316,2,0.28862378001213074
42,316,4,0.03999060392379761
42,317,1,0.6645629405975342
42,317,2,0.29471346735954285
42,317,4,0.04072354733943939
42,318,1,0.6576442122459412
42,318,2,0.3008335828781128
42,318,4,0.04152221977710724
42,319,1,0.650709867477417
42,319,2,0.30692267417907715
42,319,4,0.042367443442344666
42,320,1,0.6436061263084412
42,320,2,0.3131009638309479
42,320,4,0.04329288750886917
42,321,1,0.636207640171051
42,321,2,0.3194705545902252
42,321,4,0.04432173445820808
42,322,1,0.6286482214927673
42,322,2,0.3259221017360687
42,322,4,0.04542966187000275
42,323,1,0.6208275556564331
42,323,2,0.3325306177139282
42,323,4,0.04664188623428345
42,324,1,0.612848162651062
42,324,2,0.3392161428928375
42,324,4,0.04793576896190643
42,325,1,0.6047190427780151
42,325,2,0.34596753120422363
42,325,4,0.049313433468341834
42,326,1,0.5965344905853271
42,326,2,0.3527158200740814
42,326,4,0.05074959620833397
42,327,1,0.5881956815719604
42,327,2,0.35953357815742487
42,327,4,0.05227074399590492
42,328,1,0.5797700881958008
42,328,2,0.36636662483215326
42,328,4,0.05386330932378769
42,329,1,0.5713072419166565
42,329,2,0.3731780648231506
42,329,4,0.05551470071077346
42,330,1,0.5628030896186829
42,330,2,0.37996843457221985
42,330,4,0.0572284571826458
42,331,1,0.5543542504310608
42,331,2,0.3866693377494812
42,331,4,0.0589764378964901
42,332,1,0.5458864569664001
42,332,2,0.39333364367485046
42,332,4,0.060779862105846405
42,333,1,0.45530542731285095
42,333,2,0.20500409603118896
42,333,4,0.3396904766559601
42,334,1,0.45521813631057734
42,334,2,0.20473669469356537
42,334,4,0.34004509449005127
42,335,1,0.45525574684143066
42,335,2,0.20478606224060056
42,335,4,0.3399581611156464
42,336,1,0.45563071966171265
42,336,2,0.20592170953750608
42,336,4,0.33844757080078125
42,337,1,0.455308735370636
42,337,2,0.20494370162487033
42,337,4,0.33974754810333246
42,338,1,0.4566344618797302
42,338,2,0.2091371566057205
42,338,4,0.33422839641571045
42,339,1,0.4572085440158844
42,339,2,0.21111835539340967
42,339,4,0.33167311549186707
42,340,1,0.45737725496292114
42,340,2,0.21162623167037964
42,340,4,0.33099648356437683
42,341,1,0.45615226030349726
42,341,2,0.20761099457740784
42,341,4,0.33623677492141724
42,342,1,0.4567716717720032
42,342,2,0.20974406599998477
42,342,4,0.33348432183265686
42,343,1,0.45776802301406866
42,343,2,0.21304409205913544
42,343,4,0.32918789982795715
42,344,1,0.4580410718917847
42,344,2,0.2140580862760544
42,344,4,0.32790085673332214
42,345,1,0.45868292450904846
42,345,2,0.21628423035144803
42,345,4,0.3250327706336975
42,346,1,0.45813152194023127
42,346,2,0.2141692340373993
42,346,4,0.3276991844177246
42,347,1,0.4576864838600159
42,347,2,0.21253344416618347
42,347,4,0.3297800123691559
42,348,1,0.457012951374054
42,348,2,0.2102660983800888
42,348,4,0.33272093534469604
42,349,1,0.4560821652412415
42,349,2,0.2072365880012512
42,349,4,0.3366811871528625
42,350,1,0.4564647078514099
42,350,2,0.2084467262029648
42,350,4,0.3350886404514313
42,351,1,0.4555710256099701
42,351,2,0.2057601809501648
42,351,4,0.3386687934398651
42,352,1,0.456485778093338
42,352,2,0.2086817771196365
42,352,4,0.33483240008354187
42,353,1,0.4554230272769928
42,353,2,0.205471396446228
42,353,4,0.33910566568374634
42,354,1,0.45495688915252686
42,354,2,0.20410399138927457
42,354,4,0.3409391045570373
42,355,1,0.45528021454811096
42,355,2,0.20512065291404724
42,355,4,0.3395991027355194
42,356,1,0.4564802944660186
42,356,2,0.2089386135339737
42,356,4,0.33458107709884644
42,357,1,0.4562842547893524
42,357,2,0.20830023288726807
42,357,4,0.3354155123233795
42,358,1,0.45649963617324824
42,358,2,0.20897716283798215
42,358,4,0.3345232009887696
42,359,1,0.45678374171257013
42,359,2,0.20986835658550265
42,359,4,0.333347886800766
42,360,1,0.45705497264862066
42,360,2,0.21071980893611908
42,360,4,0.3322252333164215
42,361,1,0.45731320977211
42,361,2,0.21160826086997983
42,361,4,0.3310785293579101
42,362,1,0.4584183394908905
42,362,2,0.21537119150161743
42,362,4,0.32621052861213684
42,363,1,0.4579378068447113
42,363,2,0.21368177235126493
42,363,4,0.32838043570518494
42,364,1,0.4582809507846832
42,364,2,0.21481521427631375
42,364,4,0.32690382003784174
42,365,1,0.45745700597763056
42,365,2,0.21194128692150116
42,365,4,0.33060169219970703
42,366,1,0.45751041173934937
42,366,2,0.21218276023864743
42,366,4,0.3303067982196808
42,367,1,0.4577637314796448
42,367,2,0.21312531828880313
42,367,4,0.32911095023155207
42,368,1,0.45861175656318653
42,368,2,0.21622581779956815
42,368,4,0.325162410736084
42,369,1,0.45842584967613215
42,369,2,0.22028839588165283
42,369,4,0.32128575444221497
42,370,1,0.45927679538726807
42,370,2,0.21851393580436704
42,370,4,0.32220926880836487
42,371,1,0.45864266157150263
42,371,2,0.21611458063125608
42,371,4,0.3252427577972412
42,372,1,0.4581926763057709
42,372,2,0.21448682248592377
42,372,4,0.32732048630714417
42,373,1,0.4566326141357422
42,373,2,0.20923988521099088
42,373,4,0.33412745594978327
42,374,1,0.45668199658393854
42,374,2,0.20948091149330136
42,374,4,0.3338370621204376
42,375,1,0.45595505833625793
42,375,2,0.2072448432445526
42,375,4,0.33680009841918945
42,376,1,0.4557967483997345
42,376,2,0.20678505301475525
42,376,4,0.3374182879924774
42,377,1,0.4548679292201996
42,377,2,0.20339789986610407
42,377,4,0.3417341709136963
42,378,1,0.4555103182792664
42,378,2,0.2057788372039795
42,378,4,0.3387108445167541
42,379,1,0.4548836052417755
42,379,2,0.203415647149086
42,379,4,0.3417007327079773
42,380,1,0.45504558086395264
42,380,2,0.2039339989423752
42,380,4,0.3410204350948334
42,381,1,0.4559527635574341
42,381,2,0.2073962688446045
42,381,4,0.33665090799331665
42,382,1,0.45557361841201777
42,382,2,0.20589502155780792
42,382,4,0.33853134512901306
42,383,1,0.4547855257987976
42,383,2,0.20305776596069333
42,383,4,0.3421567678451538
42,384,1,0.4553507566452026
42,384,2,0.20516462624073029
42,384,4,0.33948466181755066
42,385,1,0.4547982513904572
42,385,2,0.20318566262722013
42,385,4,0.3420160710811615
42,386,1,0.45508730411529535
42,386,2,0.20427873730659485
42,386,4,0.3406339883804321
42,387,1,0.4562608599662781
42,387,2,0.20867300033569333
42,387,4,0.33506613969802856
42,388,1,0.4564074277877808
42,388,2,0.2091582417488098
42,388,4,0.3344343304634094
42,389,1,0.4570658802986145
42,389,2,0.21136225759983063
42,389,4,0.3315717875957489
42,390,1,0.45827272534370417
42,390,2,0.2154750823974609
42,390,4,0.3262522220611572
42,391,1,0.4574379026889801
42,391,2,0.21253645420074463
42,391,4,0.3300255835056305
42,392,1,0.45742294192314154
42,392,2,0.21256569027900693
42,392,4,0.3300114572048187
42,393,1,0.4560674726963043
42,393,2,0.2080973982810974
42,393,4,0.3358350396156311
42,394,1,0.4541982412338257
42,394,2,0.2013820558786392
42,394,4,0.3444197475910187
42,395,1,0.45238420367240906
42,395,2,0.1955696940422058
42,395,4,0.3520461022853852
42,396,1,0.4488492906093597
42,396,2,0.19327878952026367
42,396,4,0.357871949672699
42,397,1,0.4485014975070953
42,397,2,0.19304142892360687
42,397,4,0.35845711827278137
42,398,1,0.44680032134056086
42,398,2,0.19192932546138763
42,398,4,0.3612703382968903
42,399,1,0.4438102841377258
42,399,2,0.18994842469692233
42,399,4,0.36624124646186823
42,400,1,0.439567506313324
42,400,2,0.18723303079605105
42,400,4,0.37319943308830256
42,401,1,0.4366422593593597
42,401,2,0.18535754084587097
42,401,4,0.3780001997947693
42,402,1,0.44122377038002014
42,402,2,0.18822519481182096
42,402,4,0.37055104970932007
42,403,1,0.44801175594329834
42,403,2,0.19254933297634125
42,403,4,0.35943886637687683
42,404,1,0.45270392298698425
42,404,2,0.19380033016204837
42,404,4,0.3534957468509674
42,405,1,0.4499590992927551
42,405,2,0.19995567202568051
42,405,4,0.3500853180885315
42,406,1,0.44444236159324646
42,406,2,0.19901677966117856
42,406,4,0.3565407991409302
42,407,1,0.4352145493030548
42,407,2,0.1972670555114746
42,407,4,0.36751836538314814
42,408,1,0.4325955510139465
42,408,2,0.20104733109474185
42,408,4,0.366357147693634
42,409,1,0.4244842529296875
42,409,2,0.2014605402946472
42,409,4,0.37405514717102045
42,410,1,0.41813206672668457
42,410,2,0.20315670967102048
42,410,4,0.37871122360229487
42,411,1,0.41611722111701965
42,411,2,0.20805823802948
42,411,4,0.3758245408535004
42,412,1,0.40828800201416016
42,412,2,0.20916491746902463
42,412,4,0.3825470805168152
42,413,1,0.4069187045097351
42,413,2,0.2151563465595245
42,413,4,0.3779248893260956
42,414,1,0.39234998822212214
42,414,2,0.21169157326221463
42,414,4,0.39595845341682434
42,415,1,0.38716185092926025
42,415,2,0.212908074259758
42,415,4,0.39993005990982056
42,416,1,0.3850254118442536
42,416,2,0.213918462395668
42,416,4,0.4010560810565949
42,417,1,0.37103727459907526
42,417,2,0.2079593688249588
42,417,4,0.42100334167480474
42,418,1,0.34014442563056946
42,418,2,0.19277277588844297
42,418,4,0.4670828580856323
42,419,1,0.324018269777298
42,419,2,0.1857730895280838
42,419,4,0.49020868539810175
42,420,1,0.3081043064594269
42,420,2,0.17893220484256744
42,420,4,0.5129634737968445
42,421,1,0.29535818099975586
42,421,2,0.17389312386512756
42,421,4,0.530748724937439
42,422,1,0.2816455364227295
42,422,2,0.16845634579658508
42,422,4,0.5498981475830078
42,423,1,0.26567879319190973
42,423,2,0.1618792712688446
42,423,4,0.5724419355392456
42,424,1,0.25547510385513306
42,424,2,0.15882830321788788
42,424,4,0.5856965780258179
42,425,1,0.2388393431901932
42,425,2,0.1523015797138214
42,425,4,0.608859121799469
42,426,1,0.22802425920963287
42,426,2,0.14932598173618317
42,426,4,0.6226497292518616
42,427,1,0.2120213806629181
42,427,2,0.14395491778850555
42,427,4,0.6440237164497375
42,428,1,0.19599284231662753
42,428,2,0.1386854201555252
42,428,4,0.6653217673301697
42,429,1,0.20044943690299988
42,429,2,0.1414615511894226
42,429,4,0.6580890417098999
42,430,1,0.20931310951709747
42,430,2,0.14664457738399503
42,430,4,0.6440422534942627
42,431,1,0.20229546725749967
42,431,2,0.1425739228725433
42,431,4,0.6551306247711182
42,432,1,0.2042818069458008
42,432,2,0.1437644064426422
42,432,4,0.6519537568092345
42,433,1,0.20717708766460416
42,433,2,0.14538739621639252
42,433,4,0.6474354863166809
42,434,1,0.2071651667356491
42,434,2,0.14533077180385587
42,434,4,0.6475040316581726
42,435,1,0.20915758609771729
42,435,2,0.14640913903713226
42,435,4,0.6444332599639893
42,436,1,0.21322458982467649
42,436,2,0.14864492416381836
42,436,4,0.6381304860115051
42,437,1,0.21400296688079837
42,437,2,0.14908087253570557
42,437,4,0.6369161605834961
42,438,1,0.23201964795589447
42,438,2,0.15766343474388123
42,438,4,0.6103169918060303
42,439,1,0.23579967021942136
42,439,2,0.15920041501522064
42,439,4,0.604999840259552
42,440,1,0.24330416321754453
42,440,2,0.16223156452178955
42,440,4,0.5944643020629883
42,441,1,0.22684508562088007
42,441,2,0.15539294481277463
42,441,4,0.6177619695663452
42,442,1,0.20857818424701688
42,442,2,0.14594730734825134
42,442,4,0.6454744935035706
42,443,1,0.2013387680053711
42,443,2,0.14182868599891663
42,443,4,0.6568325757980347
42,444,1,0.19443982839584353
42,444,2,0.1375031620264053
42,444,4,0.6680570244789124
42,445,1,0.19001010060310364
42,445,2,0.13464592397212982
42,445,4,0.6753439903259277
42,446,1,0.19135165214538571
42,446,2,0.1354560554027557
42,446,4,0.6731923222541809
42,447,1,0.18635909259319303
42,447,2,0.13221050798892975
42,447,4,0.6814303994178772
42,448,1,0.18125255405902865
42,448,2,0.1288822442293167
42,448,4,0.689865231513977
42,449,1,0.1798095554113388
42,449,2,0.12784866988658905
42,449,4,0.6923417448997498
42,450,1,0.1805552244186401
42,450,2,0.12820272147655487
42,450,4,0.6912420988082886
42,451,1,0.187592938542366
42,451,2,0.13252559304237363
42,451,4,0.6798813939094543
42,452,1,0.18975043296813965
42,452,2,0.13379181921482086
42,452,4,0.6764577627182007
42,453,1,0.20867411792278287
42,453,2,0.14472931623458862
42,453,4,0.6465965509414673
42,454,1,0.19502064585685727
42,454,2,0.13691741228103635
42,454,4,0.6680619716644287
42,455,1,0.19473141431808472
42,455,2,0.13666871190071103
42,455,4,0.6685998439788817
42,456,1,0.1962972730398178
42,456,2,0.13756702840328217
42,456,4,0.6661356687545776
42,457,1,0.19903035461902616
42,457,2,0.1390271037817001
42,457,4,0.6619424819946289
42,458,1,0.2025956958532333
42,458,2,0.14097462594509125
42,458,4,0.6564296483993529
42,459,1,0.20624305307865143
42,459,2,0.14290806651115415
42,459,4,0.6508488655090332
42,460,1,0.20775681734085083
42,460,2,0.14373856782913208
42,460,4,0.6485046148300171
42,461,1,0.21623553335666656
42,461,2,0.1482832431793213
42,461,4,0.6354812383651732
42,462,1,0.2236645072698593
42,462,2,0.15137116611003876
42,462,4,0.6249642968177795
42,463,1,0.22194591164588928
42,463,2,0.15058265626430511
42,463,4,0.627471387386322
42,464,1,0.2249283790588379
42,464,2,0.151743084192276
42,464,4,0.6233285069465637
42,465,1,0.21299161016941073
42,465,2,0.1464897096157074
42,465,4,0.6405186653137207
42,466,1,0.19429065287113187
42,466,2,0.13581906259059906
42,466,4,0.6698902845382689
42,467,1,0.1866203546524048
42,467,2,0.13120783865451813
42,467,4,0.6821718811988832
42,468,1,0.17999181151390076
42,468,2,0.12699167430400848
42,468,4,0.693016529083252
42,469,1,0.18173247575759888
42,469,2,0.12793365120887756
42,469,4,0.6903339624404907
42,470,1,0.17837436497211456
42,470,2,0.12572219967842102
42,470,4,0.695903480052948
42,471,1,0.18141645193099973
42,471,2,0.12745553255081177
42,471,4,0.6911280155181885
42,472,1,0.1816726177930832
42,472,2,0.1275061070919037
42,472,4,0.6908212900161743
42,473,1,0.1776328682899475
42,473,2,0.12493045628070833
42,473,4,0.6974366307258606
42,474,1,0.17955736815929413
42,474,2,0.12598982453346252
42,474,4,0.6944528222084044
42,475,1,0.18479779362678528
42,475,2,0.12909154593944547
42,475,4,0.6861106753349304
42,476,1,0.19305638968944547
42,476,2,0.13368725776672363
42,476,4,0.6732563376426697
42,477,1,0.20183576643466947
42,477,2,0.138450026512146
42,477,4,0.6597142219543457
42,478,1,0.19896668195724487
42,478,2,0.13679175078868863
42,478,4,0.6642415523529053
42,479,1,0.20140765607357025
42,479,2,0.1380787193775177
42,479,4,0.6605136394500732
42,480,1,0.19977256655693051
42,480,2,0.1371408849954605
42,480,4,0.6630865335464478
42,481,1,0.20651160180568692
42,481,2,0.14093539118766785
42,481,4,0.6525530219078064
42,482,1,0.2135094851255417
42,482,2,0.14449144899845123
42,482,4,0.641999125480652
42,483,1,0.21279036998748777
42,483,2,0.1441141366958618
42,483,4,0.6430955529212952
42,484,1,0.22022472321987152
42,484,2,0.14718103408813477
42,484,4,0.6325942277908325
42,485,1,0.22400210797786713
42,485,2,0.1486753672361374
42,485,4,0.6273225545883179
42,486,1,0.22981019318103793
42,486,2,0.15094712376594543
42,486,4,0.6192427277565001
42,487,1,0.24534428119659424
42,487,2,0.15706151723861694
42,487,4,0.5975942611694336
42,488,1,0.2390559613704681
42,488,2,0.15458157658576965
42,488,4,0.6063624620437622
42,489,1,0.21602493524551392
42,489,2,0.1451657861471176
42,489,4,0.6388092637062073
42,490,1,0.20115558803081512
42,490,2,0.13756588101387024
42,490,4,0.6612785458564758
42,491,1,0.18576307594776156
42,491,2,0.1289750039577484
42,491,4,0.6852619051933289
42,492,1,0.18284305930137637
42,492,2,0.12724536657333374
42,492,4,0.6899115443229675
42,493,1,0.1797836720943451
42,493,2,0.12528015673160553
42,493,4,0.6949360966682434
42,494,1,0.17962782084941864
42,494,2,0.1251346319913864
42,494,4,0.6952375769615173
42,495,1,0.1759805530309677
42,495,2,0.12286679446697236
42,495,4,0.7011526823043823
42,496,1,0.1788617372512817
42,496,2,0.12454568594694136
42,496,4,0.6965926289558411
42,497,1,0.17591743171215057
42,497,2,0.12271703779697418
42,497,4,0.7013655304908752
42,498,1,0.18474510312080383
42,498,2,0.12792062759399414
42,498,4,0.6873342394828796
42,499,1,0.18769048154354093
42,499,2,0.12953169643878937
42,499,4,0.6827777624130249
42,500,1,0.19633860886096957
42,500,2,0.1342708319425583
42,500,4,0.6693905591964722
42,501,1,0.20463500916957852
42,501,2,0.13891851902008057
42,501,4,0.6564464569091797
42,502,1,0.21119894087314603
42,502,2,0.14266137778759003
42,502,4,0.6461397409439087
42,503,1,0.2067202180624008
42,503,2,0.14007996022701263
42,503,4,0.6531998515129088
42,504,1,0.2146131992340088
42,504,2,0.144156813621521
42,504,4,0.6412299871444702
42,505,1,0.21764719486236567
42,505,2,0.1454341560602188
42,505,4,0.6369187235832214
42,506,1,0.2197231352329254
42,506,2,0.1462961733341217
42,506,4,0.6339806914329529
42,507,1,0.21844105422496796
42,507,2,0.14572277665138245
42,507,4,0.635836124420166
42,508,1,0.23656809329986567
42,508,2,0.15307113528251648
42,508,4,0.6103607416152954
42,509,1,0.23152209818363187
42,509,2,0.1510067880153656
42,509,4,0.6174710988998413
42,510,1,0.2402323931455612
42,510,2,0.15444251894950867
42,510,4,0.6053250432014465
42,511,1,0.24157598614692688
42,511,2,0.15494246780872345
42,511,4,0.6034815311431885
42,512,1,0.2588823437690735
42,512,2,0.16149882972240448
42,512,4,0.5796188712120056
42,513,1,0.25371456146240234
42,513,2,0.15958736836910248
42,513,4,0.586698055267334
42,514,1,0.25648108124732966
42,514,2,0.16074340045452115
42,514,4,0.5827755331993103
42,515,1,0.23958389461040497
42,515,2,0.15439867973327637
42,515,4,0.6060174703598022
42,516,1,0.2327551692724228
42,516,2,0.1518084853887558
42,516,4,0.6154363751411438
42,517,1,0.21893838047981265
42,517,2,0.1462535411119461
42,517,4,0.6348080635070801
42,518,1,0.21040445566177368
42,518,2,0.14235001802444458
42,518,4,0.647245466709137
42,519,1,0.20462611317634585
42,519,2,0.13907514512538907
42,519,4,0.6562986969947815
42,520,1,0.20005726814270017
42,520,2,0.13654392957687375
42,520,4,0.6633988618850708
42,521,1,0.20919150114059448
42,521,2,0.1418531984090805
42,521,4,0.6489552855491638
42,522,1,0.211834654211998
42,522,2,0.14342740178108215
42,522,4,0.6447378993034363
42,523,1,0.20773428678512573
42,523,2,0.14111338555812836
42,523,4,0.6511523127555847
42,524,1,0.212554469704628
42,524,2,0.1439330279827118
42,524,4,0.6435125470161438
42,525,1,0.222505196928978
42,525,2,0.14816240966320035
42,525,4,0.629332423210144
42,526,1,0.21531301736831665
42,526,2,0.14515237510204315
42,526,4,0.639534592628479
42,527,1,0.20603294670581815
42,527,2,0.1401991695165634
42,527,4,0.6537678837776184
42,528,1,0.20919016003608704
42,528,2,0.14200660586357117
42,528,4,0.6488032341003418
42,529,1,0.216536283493042
42,529,2,0.14565394818782806
42,529,4,0.6378098130226135
42,530,1,0.21154059469699857
42,530,2,0.1433497369289398
42,530,4,0.6451097130775452
42,531,1,0.2222638726234436
42,531,2,0.1480412483215332
42,531,4,0.629694938659668
42,532,1,0.22883744537830353
42,532,2,0.1507449597120285
42,532,4,0.6204175353050232
42,533,1,0.23197978734970087
42,533,2,0.15203818678855896
42,533,4,0.6159821152687073
42,534,1,0.22627337276935575
42,534,2,0.14967617392539978
42,534,4,0.624050498008728
42,535,1,0.2392906844615936
42,535,2,0.1548667997121811
42,535,4,0.6058424711227417
42,536,1,0.24067737162113187
42,536,2,0.1553686559200287
42,536,4,0.6039539575576782
42,537,1,0.24489855766296384
42,537,2,0.15702763199806213
42,537,4,0.5980738401412964
42,538,1,0.246081218123436
42,538,2,0.1575673371553421
42,538,4,0.5963514447212219
42,539,1,0.23700012266635892
42,539,2,0.15410339832305908
42,539,4,0.6088964343070984
42,540,1,0.23046180605888367
42,540,2,0.1515834480524063
42,540,4,0.6179547905921936
42,541,1,0.21682053804397583
42,541,2,0.14603662490844727
42,541,4,0.6371428370475769
42,542,1,0.2119615972042084
42,542,2,0.14364174008369443
42,542,4,0.6443967223167419
42,543,1,0.21272049844264984
42,543,2,0.14411203563213348
42,543,4,0.6431674361228943
42,544,1,0.2064983397722244
42,544,2,0.140580877661705
42,544,4,0.6529207825660706
42,545,1,0.19793735444545743
42,545,2,0.13581441342830655
42,545,4,0.6662482619285583
42,546,1,0.19850631058216092
42,546,2,0.1361790746450424
42,546,4,0.6653146743774414
42,547,1,0.1976071298122406
42,547,2,0.13575291633605957
42,547,4,0.666640043258667
42,548,1,0.1985455006361008
42,548,2,0.1362757533788681
42,548,4,0.6651787757873535
42,549,1,0.2032389938831329
42,549,2,0.1388014405965805
42,549,4,0.6579595804214478
42,550,1,0.20555104315280917
42,550,2,0.14017364382743835
42,550,4,0.6542752385139465
42,551,1,0.2041732519865036
42,551,2,0.13937154412269592
42,551,4,0.6564551591873169
42,552,1,0.20160165429115293
42,552,2,0.13789239525794983
42,552,4,0.660506010055542
42,553,1,0.20202434062957764
42,553,2,0.1381164193153381
42,553,4,0.6598591804504395
42,554,1,0.207159087061882
42,554,2,0.1410473883152008
42,554,4,0.6517934799194336
42,555,1,0.2103215605020523
42,555,2,0.14286662638187408
42,555,4,0.6468117833137512
42,556,1,0.21502543985843656
42,556,2,0.14555293321609497
42,556,4,0.6394216418266296
42,557,1,0.2185733467340469
42,557,2,0.14714151620864868
42,557,4,0.6342851519584656
42,558,1,0.22105726599693296
42,558,2,0.14814953505992887
42,558,4,0.6307931542396545
42,559,1,0.22749765217304227
42,559,2,0.1508010625839233
42,559,4,0.6217013001441956
42,560,1,0.22550244629383087
42,560,2,0.14996668696403503
42,560,4,0.6245308518409729
42,561,1,0.21806909143924716
42,561,2,0.14688073098659515
42,561,4,0.6350501775741577
42,562,1,0.19612784683704376
42,562,2,0.13489660620689392
42,562,4,0.6689755320549011
42,563,1,0.19467458128929135
42,563,2,0.13410320878028867
42,563,4,0.6712222695350647
42,564,1,0.17855192720890045
42,564,2,0.12467367202043532
42,564,4,0.6967744827270508
42,565,1,0.17316856980323792
42,565,2,0.12136311084032057
42,565,4,0.7054682970046997
42,566,1,0.17550836503505707
42,566,2,0.12276653200387953
42,566,4,0.7017250657081604
42,567,1,0.1738497018814087
42,567,2,0.12173730880022048
42,567,4,0.7044129967689513
42,568,1,0.17326168715953827
42,568,2,0.12134183943271636
42,568,4,0.7053964734077454
42,569,1,0.17631725966930387
42,569,2,0.12317641079425812
42,569,4,0.7005063891410828
42,570,1,0.17591194808483124
42,570,2,0.12288110703229904
42,570,4,0.7012069225311279
42,571,1,0.18103939294815063
42,571,2,0.1259334534406662
42,571,4,0.693027138710022
42,572,1,0.18682312965393064
42,572,2,0.12936700880527496
42,572,4,0.6838099360466003
42,573,1,0.1930309236049652
42,573,2,0.13280512392520905
42,573,4,0.6741639375686646
42,574,1,0.19473345577716827
42,574,2,0.1337127685546875
42,574,4,0.6715537905693054
42,575,1,0.18874937295913696
42,575,2,0.13035371899604797
42,575,4,0.6808969378471376
42,576,1,0.1945604234933853
42,576,2,0.1334911584854126
42,576,4,0.6719484925270081
42,577,1,0.19577823579311368
42,577,2,0.13413912057876587
42,577,4,0.6700826287269592
42,578,1,0.20094093680381772
42,578,2,0.13692371547222135
42,578,4,0.6621353030204773
42,579,1,0.20667736232280728
42,579,2,0.140150785446167
42,579,4,0.6531718969345093
42,580,1,0.22168797254562375
42,580,2,0.14785081148147583
42,580,4,0.6304612159729004
42,581,1,0.22930435836315155
42,581,2,0.15097644925117493
42,581,4,0.6197192072868347
42,582,1,0.22151243686676023
42,582,2,0.14775516092777252
42,582,4,0.6307324171066284
42,583,1,0.2321436703205109
42,583,2,0.15204213559627533
42,583,4,0.615814208984375
42,584,1,0.2310006767511368
42,584,2,0.15154945850372314
42,584,4,0.617449939250946
42,585,1,0.214080810546875
42,585,2,0.1443193405866623
42,585,4,0.6415998935699463
42,586,1,0.19683869183063507
42,586,2,0.13452206552028656
42,586,4,0.6686392426490784
42,587,1,0.18565109372138977
42,587,2,0.12827633321285248
42,587,4,0.6860725879669188
42,588,1,0.18461693823337555
42,588,2,0.12766095995903015
42,588,4,0.6877221465110779
42,589,1,0.17461924254894257
42,589,2,0.12163352966308592
42,589,4,0.7037472724914551
42,590,1,0.17653442919254303
42,590,2,0.12276802211999892
42,590,4,0.7006975412368774
42,591,1,0.1731891632080078
42,591,2,0.12071812897920609
42,591,4,0.7060927152633666
42,592,1,0.17115429043769836
42,592,2,0.11945503205060957
42,592,4,0.7093906402587891
42,593,1,0.1720600724220276
42,593,2,0.11998078972101212
42,593,4,0.7079591751098633
42,594,1,0.1740208864212036
42,594,2,0.1211257055401802
42,594,4,0.7048534154891968
42,595,1,0.17923343181610107
42,595,2,0.12422041594982149
42,595,4,0.6965461969375609
42,596,1,0.1845732182264328
42,596,2,0.1273481249809265
42,596,4,0.6880787611007689
42,597,1,0.18830208480358124
42,597,2,0.12943553924560547
42,597,4,0.6822623610496521
42,598,1,0.19357331097126007
42,598,2,0.13225087523460388
42,598,4,0.6741757988929749
42,599,1,0.19273181259632113
42,599,2,0.13172629475593567
42,599,4,0.6755419373512268
42,600,1,0.19793544709682465
42,600,2,0.1344785988330841
42,600,4,0.6675859689712524
42,601,1,0.20038205385208127
42,601,2,0.1357281655073166
42,601,4,0.6638897657394409
42,602,1,0.20010554790496823
42,602,2,0.13551542162895203
42,602,4,0.6643790602684021
42,603,1,0.21002621948719025
42,603,2,0.14112256467342377
42,603,4,0.648851215839386
42,604,1,0.21226833760738367
42,604,2,0.14238028228282928
42,604,4,0.6453513503074646
42,605,1,0.21745643019676208
42,605,2,0.1451398730278015
42,605,4,0.6374037265777588
42,606,1,0.22940909862518313
42,606,2,0.149995818734169
42,606,4,0.6205950379371643
42,607,1,0.2320159822702408
42,607,2,0.15100963413715363
42,607,4,0.6169743537902832
42,608,1,0.2336294800043106
42,608,2,0.15157458186149597
42,608,4,0.614795982837677
42,609,1,0.22107248008251193
42,609,2,0.14640527963638303
42,609,4,0.6325221657752991
42,610,1,0.201187327504158
42,610,2,0.1358831077814102
42,610,4,0.6629295945167542
42,611,1,0.18847937881946564
42,611,2,0.128770649433136
42,611,4,0.6827499270439148
42,612,1,0.18172767758369443
42,612,2,0.12487509101629256
42,612,4,0.6933972239494324
42,613,1,0.17852987349033356
42,613,2,0.12282851338386536
42,613,4,0.6986415982246399
42,614,1,0.17889679968357086
42,614,2,0.12293224036693572
42,614,4,0.6981709003448486
42,615,1,0.17558421194553375
42,615,2,0.12086335569620132
42,615,4,0.7035524249076843
42,616,1,0.17382751405239105
42,616,2,0.11968886107206345
42,616,4,0.7064836621284485
42,617,1,0.18030972778797147
42,617,2,0.12345213443040848
42,617,4,0.6962381601333617
42,618,1,0.1785183697938919
42,618,2,0.12228022515773772
42,618,4,0.6992013454437256
42,619,1,0.18257011473178864
42,619,2,0.12449156492948532
42,619,4,0.6929383873939513
42,620,1,0.1930650770664215
42,620,2,0.1301211714744568
42,620,4,0.6768137812614441
42,621,1,0.19391776621341705
42,621,2,0.130510151386261
42,621,4,0.6755720376968384
42,622,1,0.19640518724918363
42,622,2,0.13176944851875305
42,622,4,0.6718254089355469
42,623,1,0.19445382058620447
42,623,2,0.13065485656261444
42,623,4,0.6748913526535033
42,624,1,0.1981276422739029
42,624,2,0.13263964653015137
42,624,4,0.6692326664924622
42,625,1,0.199920266866684
42,625,2,0.1336137354373932
42,625,4,0.6664660573005676
42,626,1,0.20753572881221768
42,626,2,0.1378858983516693
42,626,4,0.6545783877372742
42,627,1,0.21261604130268097
42,627,2,0.1406976580619812
42,627,4,0.646686315536499
42,628,1,0.21693696081638336
42,628,2,0.14276438951492307
42,628,4,0.64029860496521
42,629,1,0.22001151740550995
42,629,2,0.1439625322818756
42,629,4,0.6360259056091309
42,630,1,0.23275360465049744
42,630,2,0.14905391633510587
42,630,4,0.6181924939155579
42,631,1,0.24151699244976044
42,631,2,0.1524335741996765
42,631,4,0.6060494184494019
42,632,1,0.2451789826154709
42,632,2,0.15381385385990143
42,632,4,0.6010071635246277
42,633,1,0.223691999912262
42,633,2,0.14533072710037231
42,633,4,0.6309772729873657
42,634,1,0.2081772089004517
42,634,2,0.13812531530857086
42,634,4,0.6536974310874938
42,635,1,0.19010551273822784
42,635,2,0.12791186571121216
42,635,4,0.6819825768470764
42,636,1,0.18332499265670776
42,636,2,0.12408859282732008
42,636,4,0.6925864815711975
42,637,1,0.1825779229402542
42,637,2,0.1235596016049385
42,637,4,0.6938624978065491
42,638,1,0.1806543320417404
42,638,2,0.1224144771695137
42,638,4,0.6969311833381653
42,639,1,0.17623649537563324
42,639,2,0.11987832188606262
42,639,4,0.7038851976394653
42,640,1,0.18085031211376193
42,640,2,0.12230021506547928
42,640,4,0.6968494057655334
42,641,1,0.1777394562959671
42,641,2,0.12052706629037856
42,641,4,0.701733410358429
42,642,1,0.1803511679172516
42,642,2,0.12187638878822327
42,642,4,0.6977723836898804
42,643,1,0.18530333042144773
42,643,2,0.12449575960636138
42,643,4,0.690200924873352
42,644,1,0.19211527705192563
42,644,2,0.12810152769088745
42,644,4,0.6797832250595093
42,645,1,0.19690275192260745
42,645,2,0.13075697422027588
42,645,4,0.6723402738571167
42,646,1,0.2011734843254089
42,646,2,0.13311846554279327
42,646,4,0.665708065032959
42,647,1,0.1986584365367889
42,647,2,0.1316818594932556
42,647,4,0.6696596145629883
42,648,1,0.2058599889278412
42,648,2,0.13573139905929563
42,648,4,0.6584086418151855
42,649,1,0.2088119387626648
42,649,2,0.13736046850681305
42,649,4,0.6538276076316833
42,650,1,0.20865054428577423
42,650,2,0.13725608587265015
42,650,4,0.6540933847427368
42,651,1,0.21178847551345825
42,651,2,0.138964906334877
42,651,4,0.6492465734481812
42,652,1,0.22486448287963867
42,652,2,0.14425909519195557
42,652,4,0.630876362323761
42,653,1,0.23080348968505857
42,653,2,0.14659905433654785
42,653,4,0.6225974559783936
42,654,1,0.23525068163871765
42,654,2,0.1483294516801834
42,654,4,0.6164199113845825
42,655,1,0.24142672121524808
42,655,2,0.1506919115781784
42,655,4,0.6078813076019287
42,656,1,0.23659323155879972
42,656,2,0.1488368809223175
42,656,4,0.614569902420044
42,657,1,0.2286526709794998
42,657,2,0.14573551714420319
42,657,4,0.6256118416786194
42,658,1,0.2090976685285568
42,658,2,0.13747847080230713
42,658,4,0.6534238457679749
42,659,1,0.19656361639499664
42,659,2,0.1303969174623489
42,659,4,0.6730394959449768
42,660,1,0.18563327193260193
42,660,2,0.12438837438821793
42,660,4,0.6899783611297609
42,661,1,0.18944658339023593
42,661,2,0.1264691948890686
42,661,4,0.6840842366218567
42,662,1,0.18585523962974548
42,662,2,0.1245548129081726
42,662,4,0.6895899176597595
42,663,1,0.17880503833293915
42,663,2,0.12072502821683884
42,663,4,0.7004699110984801
42,664,1,0.18224437534809113
42,664,2,0.12262079864740372
42,664,4,0.6951348185539246
42,665,1,0.1871793568134308
42,665,2,0.12529996037483215
42,665,4,0.6875207424163817
42,666,1,0.18296167254447937
42,666,2,0.1230323016643524
42,666,4,0.6940059661865233
42,667,1,0.19024065136909485
42,667,2,0.12696640193462372
42,667,4,0.6827930212020874
42,668,1,0.19987095892429352
42,668,2,0.13236229121685028
42,668,4,0.6677666902542113
42,669,1,0.2064199447631836
42,669,2,0.1360808163881302
42,669,4,0.6574992537498474
42,670,1,0.21006035804748532
42,670,2,0.13815230131149292
42,670,4,0.651787281036377
42,671,1,0.20665454864501956
42,671,2,0.13627970218658447
42,671,4,0.657065749168396
42,672,1,0.21285800635814664
42,672,2,0.13959023356437683
42,672,4,0.6475517153739929
42,673,1,0.212678387761116
42,673,2,0.13954609632492063
42,673,4,0.6477755308151245
42,674,1,0.21729952096939087
42,674,2,0.14146210253238675
42,674,4,0.6412383913993835
42,675,1,0.21882778406143188
42,675,2,0.1420888900756836
42,675,4,0.6390833258628845
42,676,1,0.21840277314186096
42,676,2,0.14187736809253693
42,676,4,0.6397198438644409
42,677,1,0.22976139187812805
42,677,2,0.14638829231262207
42,677,4,0.6238503456115723
42,678,1,0.23157402873039243
42,678,2,0.14709657430648804
42,678,4,0.6213294267654419
42,679,1,0.23731790482997892
42,679,2,0.14931143820285797
42,679,4,0.6133706569671631
42,680,1,0.252252459526062
42,680,2,0.15495833754539487
42,680,4,0.5927891731262207
42,681,1,0.2554100751876831
42,681,2,0.15619751811027527
42,681,4,0.5883924961090088
42,682,1,0.25254303216934204
42,682,2,0.15527911484241483
42,682,4,0.5921778678894042
42,683,1,0.24042803049087524
42,683,2,0.15087968111038208
42,683,4,0.6086922287940979
42,684,1,0.23567864298820493
42,684,2,0.14918653666973114
42,684,4,0.6151347756385803
42,685,1,0.23007962107658383
42,685,2,0.14716404676437375
42,685,4,0.62275630235672
42,686,1,0.22707587480545044
42,686,2,0.1461213380098343
42,686,4,0.6268028616905212
42,687,1,0.2230577766895294
42,687,2,0.1446635127067566
42,687,4,0.6322787404060364
42,688,1,0.22161307930946353
42,688,2,0.14423710107803345
42,688,4,0.6341497898101808
42,689,1,0.2180422693490982
42,689,2,0.1429273635149002
42,689,4,0.639030396938324
42,690,1,0.2191733568906784
42,690,2,0.1435301303863525
42,690,4,0.637296497821808
42,691,1,0.21450842916965485
42,691,2,0.1417144238948822
42,691,4,0.6437771320343018
42,692,1,0.22379145026206967
42,692,2,0.14561745524406433
42,692,4,0.630591094493866
42,693,1,0.22630722820758817
42,693,2,0.1467360556125641
42,693,4,0.6269567012786865
42,694,1,0.22461020946502683
42,694,2,0.14613357186317444
42,694,4,0.6292562484741211
42,695,1,0.21849921345710757
42,695,2,0.14371609687805176
42,695,4,0.6377846598625183
42,696,1,0.22113382816314697
42,696,2,0.1448490172624588
42,696,4,0.6340171694755553
42,697,1,0.220785453915596
42,697,2,0.14475318789482117
42,697,4,0.6344613432884216
42,698,1,0.2286349982023239
42,698,2,0.1479942947626114
42,698,4,0.6233707666397095
42,699,1,0.22363463044166565
42,699,2,0.14601345360279083
42,699,4,0.6303519010543823
42,700,1,0.22064168751239777
42,700,2,0.1448107063770294
42,700,4,0.6345476508140564
42,701,1,0.2207145988941193
42,701,2,0.14483889937400815
42,701,4,0.6344464421272278
42,702,1,0.2287493795156479
42,702,2,0.14807140827178955
42,702,4,0.6231791973114014
42,703,1,0.2423915863037109
42,703,2,0.15342596173286435
42,703,4,0.6041824817657471
42,704,1,0.2526880204677582
42,704,2,0.15735667943954468
42,704,4,0.5899553298950195
42,705,1,0.2608575522899628
42,705,2,0.16045983135700223
42,705,4,0.5786826610565186
42,706,1,0.25681108236312866
42,706,2,0.15913105010986328
42,706,4,0.5840578675270081
42,707,1,0.24628609418869016
42,707,2,0.15536485612392423
42,707,4,0.5983490347862244
42,708,1,0.2447952032089233
42,708,2,0.15499550104141235
42,708,4,0.6002092361450195
42,709,1,0.22952650487422943
42,709,2,0.1491907387971878
42,709,4,0.6212827563285828
42,710,1,0.21834033727645877
42,710,2,0.1447717547416687
42,710,4,0.6368878483772278
42,711,1,0.21302792429924008
42,711,2,0.14221365749835968
42,711,4,0.6447584629058838
42,712,1,0.2110246866941452
42,712,2,0.1412222534418106
42,712,4,0.6477530598640442
42,713,1,0.20435959100723264
42,713,2,0.13753220438957214
42,713,4,0.6581081748008728
42,714,1,0.2096922397613525
42,714,2,0.1406840682029724
42,714,4,0.649623692035675
42,715,1,0.21115288138389587
42,715,2,0.14160756766796112
42,715,4,0.6472395658493042
42,716,1,0.2075146287679672
42,716,2,0.1396017223596573
42,716,4,0.6528836488723755
42,717,1,0.21328565478324887
42,717,2,0.14292576909065247
42,717,4,0.6437885761260985
42,718,1,0.20783850550651553
42,718,2,0.13989800214767456
42,718,4,0.6522635221481323
42,719,1,0.21016457676887512
42,719,2,0.14128442108631134
42,719,4,0.6485510468482971
42,720,1,0.20745012164115903
42,720,2,0.13979311287403107
42,720,4,0.6527567505836487
42,721,1,0.21051913499832156
42,721,2,0.14157323539257047
42,721,4,0.6479076147079468
42,722,1,0.2084408551454544
42,722,2,0.14041888713836667
42,722,4,0.6511402130126953
42,723,1,0.21462360024452207
42,723,2,0.14395390450954437
42,723,4,0.6414225101470947
42,724,1,0.21901750564575195
42,724,2,0.14600512385368347
42,724,4,0.6349773406982422
42,725,1,0.22533664107322687
42,725,2,0.14864252507686615
42,725,4,0.6260207891464232
42,726,1,0.22520659863948825
42,726,2,0.14858867228031158
42,726,4,0.6262046694755553
42,727,1,0.2233148962259293
42,727,2,0.14778755605220795
42,727,4,0.6288975477218628
42,728,1,0.23275108635425568
42,728,2,0.15158836543560028
42,728,4,0.615660548210144
42,729,1,0.24174064397811887
42,729,2,0.15519371628761292
42,729,4,0.6030656099319458
42,730,1,0.23225480318069455
42,730,2,0.1515354961156845
42,730,4,0.6162097454071045
42,731,1,0.22471776604652405
42,731,2,0.14861164987087247
42,731,4,0.6266705393791199
42,732,1,0.21890851855278012
42,732,2,0.14634588360786435
42,732,4,0.6347455978393555
42,733,1,0.21666674315929407
42,733,2,0.14528299868106842
42,733,4,0.6380503177642822
42,734,1,0.2044047713279724
42,734,2,0.13836871087551117
42,734,4,0.6572264432907104
42,735,1,0.19960595667362213
42,735,2,0.13577216863632202
42,735,4,0.6646218299865723
42,736,1,0.194574236869812
42,736,2,0.13311004638671875
42,736,4,0.6723157167434692
42,737,1,0.19612391293048856
42,737,2,0.13402166962623596
42,737,4,0.6698544025421144
42,738,1,0.1949988156557083
42,738,2,0.13345833122730255
42,738,4,0.6715428233146667
42,739,1,0.1956950277090073
42,739,2,0.13385838270187375
42,739,4,0.6704466342926024
42,740,1,0.1980394124984741
42,740,2,0.1351468414068222
42,740,4,0.6668137311935425
42,741,1,0.1967784017324448
42,741,2,0.13444603979587555
42,741,4,0.6687755584716797
42,742,1,0.19385720789432523
42,742,2,0.1328207105398178
42,742,4,0.6733220815658569
42,743,1,0.19260111451148984
42,743,2,0.1320992410182953
42,743,4,0.6752996444702148
42,744,1,0.19735437631607053
42,744,2,0.1346958726644516
42,744,4,0.6679496765136719
42,745,1,0.19568233191967008
42,745,2,0.13378341495990753
42,745,4,0.6705343127250671
42,746,1,0.20243532955646515
42,746,2,0.13745401799678802
42,746,4,0.6601107120513916
42,747,1,0.2053745985031128
42,747,2,0.13912782073020935
42,747,4,0.6554974913597107
42,748,1,0.210226833820343
42,748,2,0.14188113808631897
42,748,4,0.6478920578956604
42,749,1,0.21946993470191956
42,749,2,0.14712567627429962
42,749,4,0.6334044337272644
42,750,1,0.2182193100452423
42,750,2,0.14644600450992584
42,750,4,0.6353346705436707
42,751,1,0.22671295702457428
42,751,2,0.15018777549266815
42,751,4,0.6230992674827576
42,752,1,0.23318777978420255
42,752,2,0.15282972157001495
42,752,4,0.6139824986457825
42,753,1,0.2111418545246124
42,753,2,0.14236962795257568
42,753,4,0.6464884877204895
42,754,1,0.19762484729290009
42,754,2,0.1347093880176544
42,754,4,0.6676657795906067
42,755,1,0.18453238904476163
42,755,2,0.127233624458313
42,755,4,0.6882339119911194
42,756,1,0.1796645075082779
42,756,2,0.12429964542388916
42,756,4,0.6960358023643494
42,757,1,0.17421945929527283
42,757,2,0.12099140137434004
42,757,4,0.7047890424728394
42,758,1,0.1744566708803177
42,758,2,0.12108280509710312
42,758,4,0.7044605612754822
42,759,1,0.1728492975234985
42,759,2,0.12008415162563324
42,759,4,0.707066535949707
42,760,1,0.17142388224601743
42,760,2,0.11916442960500716
42,760,4,0.7094116806983948
42,761,1,0.17278651893138883
42,761,2,0.1199352890253067
42,761,4,0.7072782516479492
42,762,1,0.17286403477191925
42,762,2,0.1199386715888977
42,762,4,0.7071973085403441
42,763,1,0.17934563755989075
42,763,2,0.12378627061843872
42,763,4,0.6968680620193481
42,764,1,0.1838957369327545
42,764,2,0.1264287233352661
42,764,4,0.6896755695343018
42,765,1,0.18946589529514313
42,765,2,0.12970907986164093
42,765,4,0.6808249950408936
42,766,1,0.19531372189521787
42,766,2,0.13289077579975128
42,766,4,0.6717955470085144
42,767,1,0.1938330978155136
42,767,2,0.1320270150899887
42,767,4,0.6741399168968201
42,768,1,0.19855949282646176
42,768,2,0.1345626562833786
42,768,4,0.666877806186676
42,769,1,0.1978430300951004
42,769,2,0.13414102792739868
42,769,4,0.6680159568786621
42,770,1,0.20300760865211487
42,770,2,0.1369393765926361
42,770,4,0.6600529551506041
42,771,1,0.2094578444957733
42,771,2,0.1405825912952423
42,771,4,0.6499595642089844
42,772,1,0.21526077389717105
42,772,2,0.14387120306491852
42,772,4,0.640868067741394
42,773,1,0.21937043964862823
42,773,2,0.1461856514215469
42,773,4,0.6344439387321472
42,774,1,0.2278844118118286
42,774,2,0.15011806786060333
42,774,4,0.6219974756240845
42,775,1,0.24281363189220428
42,775,2,0.15608413517475128
42,775,4,0.6011022329330444
42,776,1,0.23639898002147677
42,776,2,0.15354281663894653
42,776,4,0.6100581288337708
42,777,1,0.22964833676815033
42,777,2,0.1507999747991562
42,777,4,0.6195516586303711
42,778,1,0.2043230831623077
42,778,2,0.13749989867210388
42,778,4,0.6581770181655884
42,779,1,0.19066679477691648
42,779,2,0.12988007068634033
42,779,4,0.6794531345367432
42,780,1,0.18672746419906616
42,780,2,0.12751467525959015
42,780,4,0.6857578754425049
42,781,1,0.1802705079317093
42,781,2,0.1235453337430954
42,781,4,0.6961841583251953
42,782,1,0.18799592554569244
42,782,2,0.1280244141817093
42,782,4,0.6839796900749208
42,783,1,0.18989209830760956
42,783,2,0.12896831333637235
42,783,4,0.6811396479606628
42,784,1,0.18129609525203705
42,784,2,0.123885877430439
42,784,4,0.6948180198669434
42,785,1,0.18434762954711917
42,785,2,0.1256016343832016
42,785,4,0.6900506615638733
42,786,1,0.17855580151081085
42,786,2,0.1220690906047821
42,786,4,0.6993750333786011
42,787,1,0.18426816165447235
42,787,2,0.1253245770931244
42,787,4,0.6904072165489197
42,788,1,0.19317637383937836
42,788,2,0.13016186654567719
42,788,4,0.6766617298126221
42,789,1,0.1861584186553955
42,789,2,0.12626740336418152
42,789,4,0.6875741481781006
42,790,1,0.19114990532398224
42,790,2,0.12889081239700317
42,790,4,0.6799592971801758
42,791,1,0.1954838335514069
42,791,2,0.13116660714149475
42,791,4,0.6733495593070984
42,792,1,0.19534467160701752
42,792,2,0.1310006082057953
42,792,4,0.6736547350883484
42,793,1,0.18951633572578433
42,793,2,0.12774941325187683
42,793,4,0.6827342510223389
42,794,1,0.1988477259874344
42,794,2,0.1327054798603058
42,794,4,0.6684467792510985
42,795,1,0.19944579899311063
42,795,2,0.1329991519451141
42,795,4,0.6675550937652588
42,796,1,0.2083669006824493
42,796,2,0.13799214363098145
42,796,4,0.6536409854888916
42,797,1,0.21356430649757385
42,797,2,0.14085106551647186
42,797,4,0.6455846428871155
42,798,1,0.21373364329338077
42,798,2,0.14089344441890717
42,798,4,0.6453729271888733
42,799,1,0.22148160636425016
42,799,2,0.1451474130153656
42,799,4,0.6333709359169006
42,800,1,0.231700137257576
42,800,2,0.14930686354637146
42,800,4,0.6189929842948914
42,801,1,0.21762463450431824
42,801,2,0.14283661544322968
42,801,4,0.6395387649536133
42,802,1,0.19720296561717987
42,802,2,0.13124410808086395
42,802,4,0.6715528964996338
42,803,1,0.18323837220668793
42,803,2,0.12356145679950714
42,803,4,0.6932001113891602
42,804,1,0.1784382164478302
42,804,2,0.1206980049610138
42,804,4,0.700863778591156
42,805,1,0.17751236259937286
42,805,2,0.1200263500213623
42,805,4,0.702461302280426
42,806,1,0.17754597961902618
42,806,2,0.11991717666387557
42,806,4,0.7025368809700012
42,807,1,0.1745074838399887
42,807,2,0.11801160126924513
42,807,4,0.7074809074401855
42,808,1,0.1754901111125946
42,808,2,0.118462435901165
42,808,4,0.7060474753379822
42,809,1,0.1744304597377777
42,809,2,0.11771765351295473
42,809,4,0.7078518867492676
42,810,1,0.1761169135570526
42,810,2,0.11859305202960968
42,810,4,0.7052900791168213
42,811,1,0.18179605901241305
42,811,2,0.12168401479721068
42,811,4,0.6965199112892151
42,812,1,0.19004152715206143
42,812,2,0.1260039061307907
42,812,4,0.6839545965194702
43,0,1,0.2253039628267288
43,0,2,0.5556034445762633
43,0,4,0.21909259259700772
43,1,1,0.2235768884420395
43,1,2,0.5581446886062622
43,1,4,0.21827843785285947
43,2,1,0.21835231781005857
43,2,2,0.5660788416862488
43,2,4,0.21556885540485385
43,3,1,0.23037368059158325
43,3,2,0.5479922294616699
43,3,4,0.2216341346502304
43,4,1,0.23340150713920596
43,4,2,0.5435008406639099
43,4,4,0.22309765219688413
43,5,1,0.23798802495002744
43,5,2,0.5366472005844116
43,5,4,0.2253647595643997
43,6,1,0.23846270143985748
43,6,2,0.5359903573989868
43,6,4,0.22554694116115567
43,7,1,0.2480695992708206
43,7,2,0.5218432545661926
43,7,4,0.23008714616298676
43,8,1,0.24776938557624817
43,8,2,0.5223504304885864
43,8,4,0.22988022863864896
43,9,1,0.25290602445602417
43,9,2,0.5147740840911865
43,9,4,0.23231995105743408
43,10,1,0.23797303438186643
43,10,2,0.5364212989807129
43,10,4,0.22560568153858185
43,11,1,0.23317016661167145
43,11,2,0.543349027633667
43,11,4,0.22348083555698395
43,12,1,0.2350386679172516
43,12,2,0.5403780937194824
43,12,4,0.224583238363266
43,13,1,0.2302081137895584
43,13,2,0.5473780035972595
43,13,4,0.22241386771202087
43,14,1,0.23137046396732328
43,14,2,0.54544997215271
43,14,4,0.22317956387996676
43,15,1,0.22510667145252228
43,15,2,0.554637610912323
43,15,4,0.22025567293167117
43,16,1,0.21590536832809448
43,16,2,0.5694698095321655
43,16,4,0.2146248072385788
43,17,1,0.22647786140441892
43,17,2,0.5522351264953613
43,17,4,0.22128699719905853
43,18,1,0.22606685757637024
43,18,2,0.5527193546295166
43,18,4,0.22121380269527435
43,19,1,0.20943067967891693
43,19,2,0.5806853771209717
43,19,4,0.20988394320011136
43,20,1,0.21865917742252347
43,20,2,0.5643179416656494
43,20,4,0.21702285110950467
43,21,1,0.2401662766933441
43,21,2,0.5315091013908385
43,21,4,0.2283246219158173
43,22,1,0.23419649899005887
43,22,2,0.5402740836143494
43,22,4,0.22552943229675287
43,23,1,0.2273499220609665
43,23,2,0.5504414439201354
43,23,4,0.2222086042165756
43,24,1,0.23964357376098633
43,24,2,0.5320952534675598
43,24,4,0.22826120257377625
43,25,1,0.24642480909824369
43,25,2,0.5219685435295105
43,25,4,0.23160666227340695
43,26,1,0.24430938065052032
43,26,2,0.5249602198600769
43,26,4,0.2307303845882416
43,27,1,0.2585356533527374
43,27,2,0.5040990710258484
43,27,4,0.2373652309179306
43,28,1,0.25305941700935364
43,28,2,0.5118348002433777
43,28,4,0.23510573804378507
43,29,1,0.24722449481487277
43,29,2,0.5202155709266664
43,29,4,0.2325599044561386
43,30,1,0.26190459728240967
43,30,2,0.4989076256752014
43,30,4,0.23918774724006647
43,31,1,0.2525491118431092
43,31,2,0.5124273896217345
43,31,4,0.23502349853515625
43,32,1,0.26523417234420776
43,32,2,0.49407616257667536
43,32,4,0.24068962037563324
43,33,1,0.2639099955558777
43,33,2,0.4957749843597412
43,33,4,0.24031494557857516
43,34,1,0.26438599824905396
43,34,2,0.4948113560676575
43,34,4,0.24080270528793332
43,35,1,0.2564477324485779
43,35,2,0.5059219002723694
43,35,4,0.23763033747673035
43,36,1,0.23804233968257904
43,36,2,0.5326598882675171
43,36,4,0.2292977273464203
43,37,1,0.23280340433120728
43,37,2,0.5403239130973816
43,37,4,0.22687263786792755
43,38,1,0.2345879226922989
43,38,2,0.5375522971153259
43,38,4,0.2278598248958588
43,39,1,0.22979329526424408
43,39,2,0.5445745587348938
43,39,4,0.2256321460008621
43,40,1,0.2221025377511978
43,40,2,0.5568840503692627
43,40,4,0.22101347148418424
43,41,1,0.2214387208223343
43,41,2,0.5580105781555176
43,41,4,0.22055064141750333
43,42,1,0.22342137992382047
43,42,2,0.5544547438621521
43,42,4,0.22212389111518857
43,43,1,0.22829397022724152
43,43,2,0.5464661121368408
43,43,4,0.22523987293243408
43,44,1,0.2291625142097473
43,44,2,0.5450716614723206
43,44,4,0.22576582431793207
43,45,1,0.2295499742031097
43,45,2,0.5444421768188477
43,45,4,0.2260078191757202
43,46,1,0.2320183366537094
43,46,2,0.5406839847564697
43,46,4,0.22729763388633728
43,47,1,0.22144879400730133
43,47,2,0.5577686429023743
43,47,4,0.220782533288002
43,48,1,0.22474814951419833
43,48,2,0.5519135594367981
43,48,4,0.22333824634552
43,49,1,0.23281650245189664
43,49,2,0.5392922163009644
43,49,4,0.22789126634597776
43,50,1,0.22667047381401065
43,50,2,0.5484987497329712
43,50,4,0.22483079135417935
43,51,1,0.2451100647449493
43,51,2,0.5209900140762329
43,51,4,0.23389990627765653
43,52,1,0.24274395406246185
43,52,2,0.5243989825248718
43,52,4,0.23285704851150513
43,53,1,0.2504074275493622
43,53,2,0.5130473971366881
43,53,4,0.2365451604127884
43,54,1,0.239830419421196
43,54,2,0.5286799669265747
43,54,4,0.2314895987510681
43,55,1,0.2507580518722534
43,55,2,0.5125526785850525
43,55,4,0.23668925464153287
43,56,1,0.25598427653312683
43,56,2,0.5049927830696106
43,56,4,0.23902298510074613
43,57,1,0.23718591034412384
43,57,2,0.5324780344963074
43,57,4,0.2303360998630524
43,58,1,0.21602335572242737
43,58,2,0.5671531558036804
43,58,4,0.21682351827621457
43,59,1,0.2033653110265732
43,59,2,0.589552640914917
43,59,4,0.20708201825618744
43,60,1,0.19637846946716309
43,60,2,0.6016083359718323
43,60,4,0.20201317965984344
43,61,1,0.194747194647789
43,61,2,0.6044248342514038
43,61,4,0.2008280009031296
43,62,1,0.18674077093601224
43,62,2,0.618838369846344
43,62,4,0.19442087411880493
43,63,1,0.18395738303661344
43,63,2,0.6241344809532166
43,63,4,0.19190819561481476
43,64,1,0.18182887136936188
43,64,2,0.6287673711776732
43,64,4,0.1894037574529648
43,65,1,0.1818109154701233
43,65,2,0.6288268566131592
43,65,4,0.18936221301555636
43,66,1,0.18517923355102536
43,66,2,0.6218186616897583
43,66,4,0.19300211966037753
43,67,1,0.1946793645620346
43,67,2,0.6045369505882263
43,67,4,0.2007836550474167
43,68,1,0.2003465294837952
43,68,2,0.5947142243385315
43,68,4,0.2049392908811569
43,69,1,0.21021682024002075
43,69,2,0.5773543119430542
43,69,4,0.21242892742156985
43,70,1,0.21640515327453613
43,70,2,0.566262423992157
43,70,4,0.21733243763446808
43,71,1,0.2150520533323288
43,71,2,0.5686744451522827
43,71,4,0.21627344191074369
43,72,1,0.21598422527313232
43,72,2,0.5670260787010193
43,72,4,0.2169896960258484
43,73,1,0.21858322620391843
43,73,2,0.5624411702156067
43,73,4,0.21897563338279724
43,74,1,0.2286493927240372
43,74,2,0.5449799299240112
43,74,4,0.2263706773519516
43,75,1,0.231440469622612
43,75,2,0.5407822132110596
43,75,4,0.22777730226516724
43,76,1,0.2359561175107956
43,76,2,0.5340681076049805
43,76,4,0.22997577488422397
43,77,1,0.23247358202934265
43,77,2,0.5392730236053467
43,77,4,0.2282533496618271
43,78,1,0.24117656052112577
43,78,2,0.5262765288352966
43,78,4,0.2325469106435776
43,79,1,0.23873119056224823
43,79,2,0.5298906564712524
43,79,4,0.2313781827688217
43,80,1,0.2395113557577133
43,80,2,0.5287096500396729
43,80,4,0.23177900910377505
43,81,1,0.22639642655849457
43,81,2,0.5486728549003601
43,81,4,0.22493065893650052
43,82,1,0.21305847167968753
43,82,2,0.572371244430542
43,82,4,0.2145702540874481
43,83,1,0.19880060851573944
43,83,2,0.5974124670028688
43,83,4,0.2037869691848755
43,84,1,0.19314840435981753
43,84,2,0.6072288751602173
43,84,4,0.1996227353811264
43,85,1,0.18878713250160217
43,85,2,0.6150102615356445
43,85,4,0.19620260596275327
43,86,1,0.18757912516593933
43,86,2,0.6173014640808105
43,86,4,0.19511945545673368
43,87,1,0.18835395574569705
43,87,2,0.6158236861228943
43,87,4,0.1958223581314087
43,88,1,0.1835341453552246
43,88,2,0.6251921057701111
43,88,4,0.1912737488746643
43,89,1,0.1839608699083328
43,89,2,0.6242259740829468
43,89,4,0.1918131113052368
43,90,1,0.18657134473323825
43,90,2,0.6192069053649902
43,90,4,0.19422176480293277
43,91,1,0.19142544269561768
43,91,2,0.6102418899536133
43,91,4,0.19833263754844663
43,92,1,0.19836027920246124
43,92,2,0.5982178449630737
43,92,4,0.20342189073562625
43,93,1,0.21094903349876404
43,93,2,0.5762074589729309
43,93,4,0.21284350752830505
43,94,1,0.2174049615859985
43,94,2,0.5647198557853699
43,94,4,0.2178751677274704
43,95,1,0.21139439940452573
43,95,2,0.5754628777503967
43,95,4,0.21314270794391632
43,96,1,0.21253134310245517
43,96,2,0.5734553933143616
43,96,4,0.2140132635831833
43,97,1,0.2122802585363388
43,97,2,0.5739301443099976
43,97,4,0.213789626955986
43,98,1,0.22211825847625727
43,98,2,0.5564465522766113
43,98,4,0.22143517434597013
43,99,1,0.22940827906131744
43,99,2,0.5440655946731567
43,99,4,0.22652617096900937
43,100,1,0.2283428907394409
43,100,2,0.5456324815750122
43,100,4,0.2260246574878693
43,101,1,0.22239677608013156
43,101,2,0.5558941960334778
43,101,4,0.22170905768871307
43,102,1,0.22730839252471924
43,102,2,0.5473141670227051
43,102,4,0.2253774255514145
43,103,1,0.2320088744163513
43,103,2,0.5403395891189575
43,103,4,0.2276514917612076
43,104,1,0.23108257353305817
43,104,2,0.5417754054069519
43,104,4,0.22714197635650635
43,105,1,0.22494763135910037
43,105,2,0.5515749454498291
43,105,4,0.22347736358642575
43,106,1,0.2099212110042572
43,106,2,0.5783184766769409
43,106,4,0.21176032721996307
43,107,1,0.19598302245140076
43,107,2,0.6026250123977661
43,107,4,0.20139199495315552
43,108,1,0.1916543394327164
43,108,2,0.6102184057235718
43,108,4,0.19812726974487305
43,109,1,0.18603305518627167
43,109,2,0.6202651262283325
43,109,4,0.1937018185853958
43,110,1,0.19003885984420776
43,110,2,0.6131764054298401
43,110,4,0.19678469002246857
43,111,1,0.18494746088981628
43,111,2,0.6223457455635071
43,111,4,0.1927068382501602
43,112,1,0.18371477723121643
43,112,2,0.6246947050094604
43,112,4,0.19159048795700076
43,113,1,0.18210104107856753
43,113,2,0.6277894973754883
43,113,4,0.1901094764471054
43,114,1,0.1871057450771332
43,114,2,0.618567168712616
43,114,4,0.19432708621025083
43,115,1,0.19898270070552823
43,115,2,0.5979355573654175
43,115,4,0.20308172702789304
43,116,1,0.2088174074888229
43,116,2,0.5810531973838806
43,116,4,0.2101293653249741
43,117,1,0.21993516385555267
43,117,2,0.561308741569519
43,117,4,0.21875610947608948
43,118,1,0.2178163230419159
43,118,2,0.5650952458381653
43,118,4,0.21708840131759644
43,119,1,0.22295342385768888
43,119,2,0.5559853911399841
43,119,4,0.22106121480464933
43,120,1,0.21546554565429688
43,120,2,0.5692967176437378
43,120,4,0.21523775160312647
43,121,1,0.2268112003803253
43,121,2,0.5501840710639954
43,121,4,0.22300471365451807
43,122,1,0.21936239302158356
43,122,2,0.5624613165855408
43,122,4,0.2181763052940369
43,123,1,0.22180412709712985
43,123,2,0.5582159161567688
43,123,4,0.21997995674610135
43,124,1,0.23105940222740173
43,124,2,0.5441745519638062
43,124,4,0.2247660458087921
43,125,1,0.2299293428659439
43,125,2,0.5460038185119629
43,125,4,0.2240668088197708
43,126,1,0.23887275159358975
43,126,2,0.5328710079193115
43,126,4,0.2282562404870987
43,127,1,0.24994806945323944
43,127,2,0.5165756940841675
43,127,4,0.23347623646259308
43,128,1,0.2527236342430115
43,128,2,0.5126083493232727
43,128,4,0.23466798663139343
43,129,1,0.23252029716968536
43,129,2,0.542443573474884
43,129,4,0.2250361293554306
43,130,1,0.21384999155998227
43,130,2,0.5727272629737854
43,130,4,0.21342274546623227
43,131,1,0.19898411631584167
43,131,2,0.5985300540924072
43,131,4,0.20248578488826752
43,132,1,0.19128102064132688
43,132,2,0.6119368672370912
43,132,4,0.19678211212158203
43,133,1,0.1906245052814484
43,133,2,0.613132894039154
43,133,4,0.1962425857782364
43,134,1,0.18501366674900052
43,134,2,0.6230001449584961
43,134,4,0.19198615849018097
43,135,1,0.18273030221462247
43,135,2,0.6270722150802612
43,135,4,0.19019746780395508
43,136,1,0.180488646030426
43,136,2,0.6310619711875916
43,136,4,0.18844933807849884
43,137,1,0.18209108710289
43,137,2,0.6283036470413208
43,137,4,0.1896052658557892
43,138,1,0.1868527829647064
43,138,2,0.6200155019760132
43,138,4,0.1931317299604416
43,139,1,0.1957865208387375
43,139,2,0.6045292615890503
43,139,4,0.19968418776988983
43,140,1,0.20344735682010648
43,140,2,0.5913517475128174
43,140,4,0.20520086586475367
43,141,1,0.2141307592391968
43,141,2,0.5730233788490297
43,141,4,0.21284583210945127
43,142,1,0.2129010558128357
43,142,2,0.575239896774292
43,142,4,0.21185904741287231
43,143,1,0.21413952112197876
43,143,2,0.5730233192443848
43,143,4,0.21283714473247528
43,144,1,0.22118136286735532
43,144,2,0.5610789656639099
43,144,4,0.21773970127105713
43,145,1,0.21662075817584991
43,145,2,0.5686336159706116
43,145,4,0.2147456854581833
43,146,1,0.2209896743297577
43,146,2,0.5614503026008606
43,146,4,0.2175600081682205
43,147,1,0.23387332260608676
43,147,2,0.542245090007782
43,147,4,0.2238815724849701
43,148,1,0.23173615336418152
43,148,2,0.5454633831977844
43,148,4,0.22280047833919525
43,149,1,0.2389898896217346
43,149,2,0.5347869992256165
43,149,4,0.2262231260538101
43,150,1,0.24257345497608185
43,150,2,0.5294734239578247
43,150,4,0.22795313596725464
43,151,1,0.2360544204711914
43,151,2,0.5391603112220764
43,151,4,0.22478528320789337
43,152,1,0.23527844250202176
43,152,2,0.5403518080711365
43,152,4,0.22436977922916407
43,153,1,0.2251721024513245
43,153,2,0.5554244518280029
43,153,4,0.2194034606218338
43,154,1,0.20807491242885587
43,154,2,0.5835901498794556
43,154,4,0.20833489298820493
43,155,1,0.1985630840063095
43,155,2,0.5999217629432678
43,155,4,0.20151516795158383
43,156,1,0.18910689651966092
43,156,2,0.6163207292556763
43,156,4,0.1945723444223404
43,157,1,0.1874883323907852
43,157,2,0.6191628575325012
43,157,4,0.19334883987903595
43,158,1,0.18611344695091248
43,158,2,0.6215642690658569
43,158,4,0.19232232868671417
43,159,1,0.18466942012310028
43,159,2,0.6240867972373961
43,159,4,0.19124372303485873
43,160,1,0.1865544021129608
43,160,2,0.6207851767539978
43,160,4,0.19266043603420255
43,161,1,0.18914298713207245
43,161,2,0.6162710189819336
43,161,4,0.19458600878715515
43,162,1,0.19448575377464292
43,162,2,0.6069853305816649
43,162,4,0.1985288858413696
43,163,1,0.2016960084438324
43,163,2,0.5945383310317993
43,163,4,0.2037656009197235
43,164,1,0.2167004644870758
43,164,2,0.5686597228050232
43,164,4,0.21463985741138455
43,165,1,0.23248554766178128
43,165,2,0.5443674921989441
43,165,4,0.22314698994159696
43,166,1,0.22342923283576965
43,166,2,0.5579277873039246
43,166,4,0.21864296495914456
43,167,1,0.22727957367897036
43,167,2,0.552061915397644
43,167,4,0.2206585258245468
43,168,1,0.22852028906345367
43,168,2,0.5501515865325928
43,168,4,0.22132813930511477
43,169,1,0.22216753661632535
43,169,2,0.5597338676452637
43,169,4,0.21809861063957212
43,170,1,0.23153671622276303
43,170,2,0.5456815958023071
43,170,4,0.2227816730737686
43,171,1,0.23120926320552823
43,171,2,0.5461841821670532
43,171,4,0.22260652482509613
43,172,1,0.2441387176513672
43,172,2,0.527084231376648
43,172,4,0.22877700626850128
43,173,1,0.23887100815773007
43,173,2,0.5348356366157532
43,173,4,0.2262933850288391
43,174,1,0.2507506012916565
43,174,2,0.5174524784088135
43,174,4,0.2317969501018524
43,175,1,0.2589840292930603
43,175,2,0.5054483413696289
43,175,4,0.2355676591396332
43,176,1,0.2558984160423279
43,176,2,0.5097094774246216
43,176,4,0.23439212143421173
43,177,1,0.2501659095287323
43,177,2,0.5178365707397461
43,177,4,0.23199746012687683
43,178,1,0.2513129413127899
43,178,2,0.5158883333206177
43,178,4,0.2327987253665924
43,179,1,0.23795436322689056
43,179,2,0.5352674126625061
43,179,4,0.2267782688140869
43,180,1,0.23383364081382751
43,180,2,0.5412202477455139
43,180,4,0.22494612634181976
43,181,1,0.22657449543476105
43,181,2,0.5519133806228638
43,181,4,0.2215120792388916
43,182,1,0.23062050342559812
43,182,2,0.5457372665405273
43,182,4,0.22364225983619687
43,183,1,0.22501000761985776
43,183,2,0.5540505647659302
43,183,4,0.22093941271305084
43,184,1,0.22785174846649167
43,184,2,0.5496107339859009
43,184,4,0.2225375473499298
43,185,1,0.22327125072479248
43,185,2,0.5563839077949524
43,185,4,0.22034481167793277
43,186,1,0.22191855311393735
43,186,2,0.5582690238952637
43,186,4,0.21981243789196012
43,187,1,0.2231169193983078
43,187,2,0.5563973784446716
43,187,4,0.22048570215702057
43,188,1,0.22116553783416748
43,188,2,0.5595031380653381
43,188,4,0.219331294298172
43,189,1,0.22898510098457336
43,189,2,0.5474300384521484
43,189,4,0.223584845662117
43,190,1,0.2235836684703827
43,190,2,0.5554978847503662
43,190,4,0.22091844677925107
43,191,1,0.22025142610073087
43,191,2,0.5610365867614746
43,191,4,0.21871197223663327
43,192,1,0.22963234782218933
43,192,2,0.5463050007820128
43,192,4,0.2240626364946365
43,193,1,0.23083050549030304
43,193,2,0.5444430708885193
43,193,4,0.22472639381885529
43,194,1,0.24205756187438965
43,194,2,0.5277631282806396
43,194,4,0.23017932474613187
43,195,1,0.23646835982799527
43,195,2,0.5360442996025084
43,195,4,0.22748729586601257
43,196,1,0.2436823695898056
43,196,2,0.525413990020752
43,196,4,0.23090364038944244
43,197,1,0.2384653389453888
43,197,2,0.5330159068107605
43,197,4,0.22851872444152832
43,198,1,0.24151018261909485
43,198,2,0.5283834934234619
43,198,4,0.23010629415512085
43,199,1,0.24806934595108032
43,199,2,0.5186609625816345
43,199,4,0.23326970636844635
43,200,1,0.24692943692207336
43,200,2,0.5202803015708923
43,200,4,0.23279030621051788
43,201,1,0.25179752707481384
43,201,2,0.513106107711792
43,201,4,0.23509630560874936
43,202,1,0.2487948536872864
43,202,2,0.517366886138916
43,202,4,0.2338383197784424
43,203,1,0.2477124780416489
43,203,2,0.5187773704528809
43,203,4,0.23351013660430908
43,204,1,0.23355387151241305
43,204,2,0.5395382642745972
43,204,4,0.2269078344106674
43,205,1,0.23695446550846097
43,205,2,0.5343425273895264
43,205,4,0.22870297729969025
43,206,1,0.2350066751241684
43,206,2,0.5371389389038086
43,206,4,0.22785444557666776
43,207,1,0.23748223483562467
43,207,2,0.5333365797996521
43,207,4,0.2291811406612396
43,208,1,0.2314918041229248
43,208,2,0.5421479344367981
43,208,4,0.2263602912425995
43,209,1,0.2281522899866104
43,209,2,0.5470231175422668
43,209,4,0.22482459247112277
43,210,1,0.22392217814922327
43,210,2,0.5536909699440001
43,210,4,0.2223868817090988
43,211,1,0.2252962440252304
43,211,2,0.551211416721344
43,211,4,0.223492294549942
43,212,1,0.22963386774063113
43,212,2,0.5445353388786316
43,212,4,0.22583077847957608
43,213,1,0.23588562011718753
43,213,2,0.5351498126983643
43,213,4,0.22896453738212583
43,214,1,0.22366300225257876
43,214,2,0.554013729095459
43,214,4,0.22232320904731753
43,215,1,0.22468952834606168
43,215,2,0.5521785616874695
43,215,4,0.2231319099664688
43,216,1,0.22137568891048431
43,216,2,0.5580186247825624
43,216,4,0.22060567140579224
43,217,1,0.22039845585823056
43,217,2,0.5597856640815735
43,217,4,0.21981586515903473
43,218,1,0.22423496842384336
43,218,2,0.5530017018318176
43,218,4,0.22276332974433896
43,219,1,0.2278916537761688
43,219,2,0.5469640493392944
43,219,4,0.22514426708221436
43,220,1,0.23294527828693387
43,220,2,0.5393320918083191
43,220,4,0.2277226448059082
43,221,1,0.23108735680580136
43,221,2,0.5420917272567749
43,221,4,0.2268209606409073
43,222,1,0.23380877077579496
43,222,2,0.5380394458770752
43,222,4,0.228151798248291
43,223,1,0.2418619841337204
43,223,2,0.5262244939804077
43,223,4,0.2319135218858719
43,224,1,0.23437577486038208
43,224,2,0.5373790860176086
43,224,4,0.2282451689243317
43,225,1,0.21472296118736267
43,225,2,0.5699530243873596
43,225,4,0.21532401442527768
43,226,1,0.2086943686008453
43,226,2,0.580704391002655
43,226,4,0.21060124039649963
43,227,1,0.19551923871040344
43,227,2,0.6034767627716064
43,227,4,0.2010040581226349
43,228,1,0.1904851198196411
43,228,2,0.6122385859489441
43,228,4,0.1972762793302536
43,229,1,0.18565277755260468
43,229,2,0.621094822883606
43,229,4,0.19325239956378937
43,230,1,0.187788650393486
43,230,2,0.6170238852500916
43,230,4,0.1951874792575836
43,231,1,0.18292440474033356
43,231,2,0.6262581944465637
43,231,4,0.19081735610961917
43,232,1,0.18202669918537137
43,232,2,0.6279680132865906
43,232,4,0.19000522792339325
43,233,1,0.1841759383678436
43,233,2,0.6238753795623779
43,233,4,0.19194868206977844
43,234,1,0.18552958965301516
43,234,2,0.6212968826293945
43,234,4,0.19317354261875153
43,235,1,0.19368740916252136
43,235,2,0.6066047549247742
43,235,4,0.1997078508138657
43,236,1,0.19604863226413727
43,236,2,0.6025075912475586
43,236,4,0.20144380629062647
43,237,1,0.20663243532180783
43,237,2,0.5842456817626953
43,237,4,0.2091218829154968
43,238,1,0.21056298911571503
43,238,2,0.5772666335105896
43,238,4,0.21217042207717893
43,239,1,0.20771579444408417
43,239,2,0.5823875665664673
43,239,4,0.20989663898944852
43,240,1,0.21264417469501493
43,240,2,0.5736100077629088
43,240,4,0.21374583244323728
43,241,1,0.2210835367441177
43,241,2,0.5585924983024597
43,241,4,0.22032400965690607
43,242,1,0.2307149171829224
43,242,2,0.5426067709922792
43,242,4,0.22667828202247617
43,243,1,0.23056434094905853
43,243,2,0.542778730392456
43,243,4,0.22665689885616305
43,244,1,0.22054265439510343
43,244,2,0.5595167279243469
43,244,4,0.2199406176805496
43,245,1,0.22669748961925504
43,245,2,0.5487115383148192
43,245,4,0.224590927362442
43,246,1,0.24216467142105105
43,246,2,0.5256153345108032
43,246,4,0.23221997916698453
43,247,1,0.23805575072765353
43,247,2,0.5316823124885559
43,247,4,0.23026198148727417
43,248,1,0.2515914440155029
43,248,2,0.5117023587226868
43,248,4,0.2367061823606491
43,249,1,0.2394799292087555
43,249,2,0.5293954610824585
43,249,4,0.231124609708786
43,250,1,0.21012829244136808
43,250,2,0.5779748558998108
43,250,4,0.2118968814611435
43,251,1,0.19747865200042725
43,251,2,0.5999838709831238
43,251,4,0.20253746211528775
43,252,1,0.18778534233570096
43,252,2,0.6169573068618774
43,252,4,0.19525738060474396
43,253,1,0.18577565252780917
43,253,2,0.620773434638977
43,253,4,0.19345086812973025
43,254,1,0.1864982545375824
43,254,2,0.6194018125534058
43,254,4,0.19409993290901184
43,255,1,0.18054464459419248
43,255,2,0.6316148042678833
43,255,4,0.18784058094024655
43,256,1,0.18366762995719907
43,256,2,0.62476909160614
43,256,4,0.1915632635354996
43,257,1,0.18492218852043152
43,257,2,0.6223774552345276
43,257,4,0.19270038604736328
43,258,1,0.18911170959472656
43,258,2,0.6145362854003905
43,258,4,0.1963520050048828
43,259,1,0.1923136860132217
43,259,2,0.6089650988578796
43,259,4,0.19872120022773743
43,260,1,0.1997455656528473
43,260,2,0.5961233377456665
43,260,4,0.2041310966014862
43,261,1,0.20396797358989716
43,261,2,0.5889137983322144
43,261,4,0.20711818337440488
43,262,1,0.2072889357805252
43,262,2,0.5832107663154602
43,262,4,0.20950028300285337
43,263,1,0.20974756777286527
43,263,2,0.5788164734840393
43,263,4,0.2114359140396118
43,264,1,0.20901818573474884
43,264,2,0.5801357626914978
43,264,4,0.21084605157375333
43,265,1,0.2135831713676453
43,265,2,0.5719817876815796
43,265,4,0.2144349962472916
43,266,1,0.21423901617527008
43,266,2,0.5708511471748352
43,266,4,0.2149098515510559
43,267,1,0.2216021567583084
43,267,2,0.5577996969223022
43,267,4,0.22059817612171173
43,268,1,0.22216372191905973
43,268,2,0.5568604469299316
43,268,4,0.2209758162498474
43,269,1,0.2265150845050812
43,269,2,0.5491970181465149
43,269,4,0.22428791224956512
43,270,1,0.2268673479557037
43,270,2,0.5487310886383057
43,270,4,0.22440160810947415
43,271,1,0.2270595133304596
43,271,2,0.5485777258872986
43,271,4,0.22436273097991943
43,272,1,0.2312124669551849
43,272,2,0.5425006747245789
43,272,4,0.2262868583202362
43,273,1,0.2299882769584656
43,273,2,0.5444210171699524
43,273,4,0.22559067606925964
43,274,1,0.2082834094762802
43,274,2,0.5819206237792969
43,274,4,0.20979593694210047
43,275,1,0.19475409388542173
43,275,2,0.6052810549736023
43,275,4,0.19996483623981476
43,276,1,0.1878701150417328
43,276,2,0.6173346042633057
43,276,4,0.19479531049728396
43,277,1,0.18350888788700104
43,277,2,0.625149667263031
43,277,4,0.1913414299488068
43,278,1,0.18236064910888672
43,278,2,0.6273345947265625
43,278,4,0.1903047412633896
43,279,1,0.1782318651676178
43,279,2,0.6352012157440186
43,279,4,0.1865669637918472
43,280,1,0.17789888381958008
43,280,2,0.6358404755592345
43,280,4,0.1862606704235077
43,281,1,0.18383391201496124
43,281,2,0.6246810555458069
43,281,4,0.1914849877357483
43,282,1,0.18582853674888608
43,282,2,0.6212415099143982
43,282,4,0.19292998313903809
43,283,1,0.1947796493768692
43,283,2,0.6056797504425049
43,283,4,0.1995406150817871
43,284,1,0.19686637818813324
43,284,2,0.6020931005477905
43,284,4,0.2010405659675598
43,285,1,0.20821161568164823
43,285,2,0.5825637578964232
43,285,4,0.2092246562242508
43,286,1,0.20763765275478363
43,286,2,0.5835649967193604
43,286,4,0.2087973803281784
43,287,1,0.20776687562465668
43,287,2,0.5833483934402466
43,287,4,0.20888477563858032
43,288,1,0.2102031409740448
43,288,2,0.5791321992874146
43,288,4,0.21066461503505704
43,289,1,0.2080805152654648
43,289,2,0.5828471779823303
43,289,4,0.20907227694988248
43,290,1,0.21770882606506348
43,290,2,0.5658453702926636
43,290,4,0.21644581854343412
43,291,1,0.22241348028182983
43,291,2,0.5575385689735413
43,291,4,0.2200479209423065
43,292,1,0.22366791963577273
43,292,2,0.5555210113525392
43,292,4,0.22081108391284943
43,293,1,0.214144304394722
43,293,2,0.5722804069519042
43,293,4,0.2135752886533737
43,294,1,0.2191094905138016
43,294,2,0.5635586380958557
43,294,4,0.2173318713903427
43,295,1,0.2272890657186508
43,295,2,0.5504043698310852
43,295,4,0.222306564450264
43,296,1,0.22996553778648376
43,296,2,0.5463817119598389
43,296,4,0.22365278005599973
43,297,1,0.23584091663360596
43,297,2,0.5376394987106323
43,297,4,0.22651961445808408
43,298,1,0.23035162687301636
43,298,2,0.5458074808120728
43,298,4,0.2238408923149109
43,299,1,0.22616055607795715
43,299,2,0.552086591720581
43,299,4,0.22175288200378415
43,300,1,0.2205432802438736
43,300,2,0.5611034035682678
43,300,4,0.21835333108901975
43,301,1,0.2134583741426468
43,301,2,0.5736851096153259
43,301,4,0.21285654604434967
43,302,1,0.21632966399192807
43,302,2,0.568580150604248
43,302,4,0.21509018540382385
43,303,1,0.2099795639514923
43,303,2,0.5798830986022949
43,303,4,0.21013736724853516
43,304,1,0.21689358353614807
43,304,2,0.5676005482673645
43,304,4,0.21550582349300385
43,305,1,0.20938855409622192
43,305,2,0.5809308290481567
43,305,4,0.20968064665794367
43,306,1,0.20659068226814273
43,306,2,0.5857436656951904
43,306,4,0.20766565203666687
43,307,1,0.20870034396648407
43,307,2,0.5821605920791626
43,307,4,0.2091390490531921
43,308,1,0.21748203039169312
43,308,2,0.5666746497154236
43,308,4,0.21584331989288327
43,309,1,0.6345734000205994
43,309,2,0.051386497914791114
43,309,4,0.31404006481170654
43,310,1,0.6288927793502808
43,310,2,0.051758669316768646
43,310,4,0.3193485736846924
43,311,1,0.6236369609832764
43,311,2,0.0521436519920826
43,311,4,0.32421943545341486
43,312,1,0.6186203360557556
43,312,2,0.05253883823752403
43,312,4,0.32884079217910767
43,313,1,0.6137905716896057
43,313,2,0.05294109880924225
43,313,4,0.333268404006958
43,314,1,0.6091219186782837
43,314,2,0.053346194326877594
43,314,4,0.3375319242477417
43,315,1,0.6041107177734375
43,315,2,0.05387120321393013
43,315,4,0.3420180678367615
43,316,1,0.5986514687538146
43,316,2,0.05454063415527344
43,316,4,0.34680789709091187
43,317,1,0.5932806134223938
43,317,2,0.05520656704902649
43,317,4,0.35151275992393494
43,318,1,0.5880439281463623
43,318,2,0.0558660626411438
43,318,4,0.3560899794101715
43,319,1,0.5828961133956909
43,319,2,0.056516509503126144
43,319,4,0.3605873882770538
43,320,1,0.5778083205223083
43,320,2,0.057168669998645776
43,320,4,0.3650230765342712
43,321,1,0.5727121829986572
43,321,2,0.05783319100737572
43,321,4,0.36945468187332153
43,322,1,0.567661464214325
43,322,2,0.05850015953183174
43,322,4,0.37383833527565
43,323,1,0.5626199245452881
43,323,2,0.059177182614803314
43,323,4,0.3782029151916504
43,324,1,0.5576185584068297
43,324,2,0.05985737964510918
43,324,4,0.3825241327285767
43,325,1,0.5526399612426758
43,325,2,0.060540955513715744
43,325,4,0.386819064617157
43,326,1,0.5477333068847656
43,326,2,0.06122130900621414
43,326,4,0.3910453915596008
43,327,1,0.5428600311279297
43,327,2,0.06190603598952293
43,327,4,0.39523389935493464
43,328,1,0.5380262732505798
43,328,2,0.0625910684466362
43,328,4,0.39938265085220337
43,329,1,0.5332477688789368
43,329,2,0.06327345967292786
43,329,4,0.40347871184349055
43,330,1,0.5285130143165588
43,330,2,0.06395404785871506
43,330,4,0.40753287076950073
43,331,1,0.5238634943962097
43,331,2,0.06462638080120087
43,331,4,0.41151010990142817
43,332,1,0.519260585308075
43,332,2,0.06529637426137924
43,332,4,0.4154430329799652
43,333,1,0.3978380262851715
43,333,2,0.342142254114151
43,333,4,0.2600197196006775
43,334,1,0.3977995812892914
43,334,2,0.3425162136554718
43,334,4,0.2596841752529144
43,335,1,0.39780160784721375
43,335,2,0.3424486815929413
43,335,4,0.25974971055984497
43,336,1,0.3978951871395111
43,336,2,0.3409021198749542
43,336,4,0.26120272278785706
43,337,1,0.3978085517883301
43,337,2,0.34222081303596497
43,337,4,0.2599706351757049
43,338,1,0.3981162905693054
43,338,2,0.3365469574928284
43,338,4,0.2653367221355438
43,339,1,0.3982312679290771
43,339,2,0.3338986933231354
43,339,4,0.26787006855010986
43,340,1,0.3982837498188018
43,340,2,0.3332040309906006
43,340,4,0.26851221919059753
43,341,1,0.3980132937431336
43,341,2,0.3385777771472931
43,341,4,0.26340886950492853
43,342,1,0.3981267213821411
43,342,2,0.3357185125350952
43,342,4,0.26615467667579645
43,343,1,0.3983171880245209
43,343,2,0.3313085436820984
43,343,4,0.27037423849105835
43,344,1,0.39834338426589966
43,344,2,0.32996642589569086
43,344,4,0.27169013023376465
43,345,1,0.39846122264862066
43,345,2,0.32701119780540466
43,345,4,0.2745275795459748
43,346,1,0.398446261882782
43,346,2,0.3297491669654846
43,346,4,0.27180457115173334
43,347,1,0.39844164252281195
43,347,2,0.33188220858573914
43,347,4,0.2696761190891266
43,348,1,0.3983813524246216
43,348,2,0.33488625288009644
43,348,4,0.2667323648929596
43,349,1,0.39823973178863525
43,349,2,0.3389376699924469
43,349,4,0.26282256841659546
43,350,1,0.398380309343338
43,350,2,0.33730220794677734
43,350,4,0.26431745290756226
43,351,1,0.3982227444648743
43,351,2,0.3409406244754791
43,351,4,0.2608366310596466
43,352,1,0.3985061049461365
43,352,2,0.3369884788990021
43,352,4,0.2645053565502167
43,353,1,0.3982932567596436
43,353,2,0.3413379490375519
43,353,4,0.2603687644004822
43,354,1,0.39822787046432495
43,354,2,0.3431803286075592
43,354,4,0.258591741323471
43,355,1,0.39836129546165466
43,355,2,0.3417806327342987
43,355,4,0.259858101606369
43,356,1,0.3986833989620209
43,356,2,0.3366223871707916
43,356,4,0.2646941840648651
43,357,1,0.3986680805683136
43,357,2,0.33747026324272156
43,357,4,0.26386165618896484
43,358,1,0.39875832200050354
43,358,2,0.33653613924980164
43,358,4,0.2647055387496948
43,359,1,0.39885231852531433
43,359,2,0.33532342314720154
43,359,4,0.26582422852516174
43,360,1,0.39892745018005366
43,360,2,0.3341817855834961
43,360,4,0.26689076423645014
43,361,1,0.3989828228950501
43,361,2,0.33300989866256714
43,361,4,0.2680073380470276
43,362,1,0.3991904854774475
43,362,2,0.3280400335788727
43,362,4,0.27276951074600214
43,363,1,0.39912348985672
43,363,2,0.33026552200317383
43,363,4,0.2706109881401062
43,364,1,0.39919364452362066
43,364,2,0.3287658095359802
43,364,4,0.2720405459403992
43,365,1,0.39907580614089966
43,365,2,0.33253955841064453
43,365,4,0.2683846354484558
43,366,1,0.39908605813980097
43,366,2,0.3322221040725708
43,366,4,0.26869177818298334
43,367,1,0.39914152026176447
43,367,2,0.33097198605537415
43,367,4,0.2698865532875061
43,368,1,0.3992763161659241
43,368,2,0.3269038796424866
43,368,4,0.27381977438926697
43,369,1,0.399445503950119
43,369,2,0.3213169574737549
43,369,4,0.2792375385761261
43,370,1,0.3994876146316528
43,370,2,0.3238581418991089
43,370,4,0.27665430307388306
43,371,1,0.3994863629341125
43,371,2,0.32696783542633057
43,371,4,0.27354571223258967
43,372,1,0.3995204269886017
43,372,2,0.3290727436542511
43,372,4,0.2714068591594696
43,373,1,0.3993032872676849
43,373,2,0.33602035045623774
43,373,4,0.26467645168304443
43,374,1,0.39939507842063904
43,374,2,0.3356853723526001
43,374,4,0.26491954922676086
43,375,1,0.3993082642555237
43,375,2,0.3386796712875366
43,375,4,0.26201203465461725
43,376,1,0.39934942126274103
43,376,2,0.3392843008041382
43,376,4,0.2613661885261536
43,377,1,0.39909806847572327
43,377,2,0.3437240719795227
43,377,4,0.2571779191493988
43,378,1,0.39934575557708735
43,378,2,0.34056758880615234
43,378,4,0.2600865960121155
43,379,1,0.3991765081882477
43,379,2,0.34365397691726685
43,379,4,0.2571695148944855
43,380,1,0.39928534626960754
43,380,2,0.34292507171630854
43,380,4,0.25778961181640625
43,381,1,0.3995671570301056
43,381,2,0.3383910655975342
43,381,4,0.262041836977005
43,382,1,0.3994698226451874
43,382,2,0.3403370976448059
43,382,4,0.2601930797100067
43,383,1,0.39922627806663513
43,383,2,0.34406980872154236
43,383,4,0.2567039728164673
43,384,1,0.3994010388851166
43,384,2,0.34130167961120605
43,384,4,0.25929728150367737
43,385,1,0.39921495318412786
43,385,2,0.3439178764820099
43,385,4,0.25686711072921753
43,386,1,0.3992920219898224
43,386,2,0.34248876571655273
43,386,4,0.25821927189826965
43,387,1,0.39960670471191406
43,387,2,0.3367309272289276
43,387,4,0.2636623978614807
43,388,1,0.3996361494064331
43,388,2,0.33607783913612366
43,388,4,0.2642860412597656
43,389,1,0.39978352189064026
43,389,2,0.3331436216831207
43,389,4,0.2670728266239166
43,390,1,0.39998999238014227
43,390,2,0.32773107290267944
43,390,4,0.27227890491485596
43,391,1,0.39984372258186335
43,391,2,0.3316039741039276
43,391,4,0.2685522437095642
43,392,1,0.3998367190361023
43,392,2,0.3315713703632355
43,392,4,0.26859185099601746
43,393,1,0.39951917529106146
43,393,2,0.3375374674797058
43,393,4,0.2629433870315552
43,394,1,0.3988750874996185
43,394,2,0.3464271128177643
43,394,4,0.2546977698802948
43,395,1,0.3953164219856262
43,395,2,0.3570247292518616
43,395,4,0.24765890836715695
43,396,1,0.39151883125305176
43,396,2,0.36381360888481135
43,396,4,0.24466755986213684
43,397,1,0.3911193013191223
43,397,2,0.36450713872909546
43,397,4,0.244373619556427
43,398,1,0.38927578926086426
43,398,2,0.36779642105102534
43,398,4,0.24292783439159396
43,399,1,0.3860443830490112
43,399,2,0.37362733483314514
43,399,4,0.240328311920166
43,400,1,0.3814830482006073
43,400,2,0.38176298141479487
43,400,4,0.2367538958787918
43,401,1,0.3782894313335418
43,401,2,0.38742443919181824
43,401,4,0.2342860847711563
43,402,1,0.3830634951591492
43,402,2,0.3788113296031952
43,402,4,0.2381251156330109
43,403,1,0.3901744782924652
43,403,2,0.3659498989582062
43,403,4,0.24387556314468384
43,404,1,0.3971726596355438
43,404,2,0.3575246632099152
43,404,4,0.2453026920557022
43,405,1,0.39772954583168024
43,405,2,0.34844693541526794
43,405,4,0.25382354855537415
43,406,1,0.3934109807014465
43,406,2,0.3531160950660705
43,406,4,0.25347289443016047
43,407,1,0.3854873180389404
43,407,2,0.3625218272209168
43,407,4,0.25199079513549805
43,408,1,0.38527485728263855
43,408,2,0.35699573159217834
43,408,4,0.2577293515205384
43,409,1,0.3796843290328979
43,409,2,0.3613287806510925
43,409,4,0.2589868903160095
43,410,1,0.3758389055728912
43,410,2,0.3621609807014465
43,410,4,0.26200011372566223
43,411,1,0.3758015036582946
43,411,2,0.3548824191093445
43,411,4,0.2693161368370056
43,412,1,0.3699739277362824
43,412,2,0.3585236072540283
43,412,4,0.27150243520736694
43,413,1,0.3703398108482361
43,413,2,0.3496261239051819
43,413,4,0.28003403544425964
43,414,1,0.35734519362449646
43,414,2,0.3692125678062439
43,414,4,0.27344223856925964
43,415,1,0.35227620601654047
43,415,2,0.3717289566993713
43,415,4,0.27599486708641047
43,416,1,0.3482257127761841
43,416,2,0.37184226512908936
43,416,4,0.27993202209472656
43,417,1,0.33445629477500916
43,417,2,0.3929131329059601
43,417,4,0.2726305723190308
43,418,1,0.30613076686859125
43,418,2,0.44486621022224426
43,418,4,0.2490030527114868
43,419,1,0.29006299376487726
43,419,2,0.4706479012966156
43,419,4,0.23928910493850708
43,420,1,0.27439799904823303
43,420,2,0.4956024587154389
43,420,4,0.2299995124340057
43,421,1,0.2620864808559418
43,421,2,0.5135396122932434
43,421,4,0.224373921751976
43,422,1,0.24919763207435608
43,422,2,0.5327314138412476
43,422,4,0.2180709391832352
43,423,1,0.23450815677642825
43,423,2,0.5558134913444519
43,423,4,0.20967839658260343
43,424,1,0.22591362893581393
43,424,2,0.5657013654708862
43,424,4,0.20838496088981628
43,425,1,0.2116246521472931
43,425,2,0.5878475308418274
43,425,4,0.20052781701087952
43,426,1,0.20259839296340945
43,426,2,0.5980737209320068
43,426,4,0.1993278861045837
43,427,1,0.1900980621576309
43,427,2,0.6153077483177185
43,427,4,0.19459418952465057
43,428,1,0.18793937563896176
43,428,2,0.6183490753173828
43,428,4,0.19371157884597776
43,429,1,0.19269877672195437
43,429,2,0.6100963950157166
43,429,4,0.19720488786697388
43,430,1,0.20135064423084256
43,430,2,0.5951441526412964
43,430,4,0.20350520312786105
43,431,1,0.1946624666452408
43,431,2,0.6067203879356384
43,431,4,0.1986171007156372
43,432,1,0.1967886388301849
43,432,2,0.6030679941177368
43,432,4,0.20014336705207825
43,433,1,0.1994406878948212
43,433,2,0.5984995365142822
43,433,4,0.2020597755908966
43,434,1,0.19934591650962827
43,434,2,0.5986815094947815
43,434,4,0.201972559094429
43,435,1,0.20110301673412323
43,435,2,0.5956968069076538
43,435,4,0.20320017635822296
43,436,1,0.20457251369953156
43,436,2,0.5897678732872009
43,436,4,0.2056596279144287
43,437,1,0.20515918731689453
43,437,2,0.5887765288352966
43,437,4,0.20606429874897003
43,438,1,0.21868525445461276
43,438,2,0.5652446150779724
43,438,4,0.21607013046741483
43,439,1,0.22150613367557523
43,439,2,0.5603125095367432
43,439,4,0.218181386590004
43,440,1,0.22769081592559812
43,440,2,0.5510523915290833
43,440,4,0.22125682234764096
43,441,1,0.21471793949604037
43,441,2,0.5723399519920349
43,441,4,0.21294213831424716
43,442,1,0.20047713816165924
43,442,2,0.5968969464302063
43,442,4,0.2026259154081345
43,443,1,0.19397641718387604
43,443,2,0.6081764101982117
43,443,4,0.19784715771675107
43,444,1,0.18666945397853849
43,444,2,0.6209284067153931
43,444,4,0.1924021691083908
43,445,1,0.18192633986473083
43,445,2,0.6292747259140015
43,445,4,0.18879893422126767
43,446,1,0.18343448638916013
43,446,2,0.6266988515853882
43,446,4,0.18986663222312927
43,447,1,0.1780148148536682
43,447,2,0.6362533569335938
43,447,4,0.18573182821273804
43,448,1,0.17263974249362943
43,448,2,0.6460195779800415
43,448,4,0.18134069442749023
43,449,1,0.17099961638450623
43,449,2,0.649147093296051
43,449,4,0.17985327541828156
43,450,1,0.1715439260005951
43,450,2,0.6480996608734131
43,450,4,0.18035636842250824
43,451,1,0.1786248683929443
43,451,2,0.6353303790092468
43,451,4,0.18604475259780884
43,452,1,0.18080809712409973
43,452,2,0.6315388083457947
43,452,4,0.1876530945301056
43,453,1,0.19878220558166504
43,453,2,0.6003075838088989
43,453,4,0.20091018080711365
43,454,1,0.1862206608057022
43,454,2,0.62211012840271
43,454,4,0.19166918098926544
43,455,1,0.18590798974037168
43,455,2,0.622711181640625
43,455,4,0.19138087332248688
43,456,1,0.18761445581912997
43,456,2,0.619801938533783
43,456,4,0.19258360564708707
43,457,1,0.1899860203266144
43,457,2,0.61573326587677
43,457,4,0.1942806839942932
43,458,1,0.19317892193794248
43,458,2,0.6102782487869263
43,458,4,0.1965428441762924
43,459,1,0.19628702104091644
43,459,2,0.6049565672874451
43,459,4,0.19875639677047727
43,460,1,0.19758957624435425
43,460,2,0.6027789115905762
43,460,4,0.1996315121650696
43,461,1,0.2039329558610916
43,461,2,0.5919010639190674
43,461,4,0.20416602492332456
43,462,1,0.20874927937984464
43,462,2,0.5836755037307739
43,462,4,0.2075752019882202
43,463,1,0.20745196938514707
43,463,2,0.5858963131904602
43,463,4,0.2066517025232315
43,464,1,0.20926944911479947
43,464,2,0.5828134417533875
43,464,4,0.20791713893413544
43,465,1,0.2010796219110489
43,465,2,0.596876859664917
43,465,4,0.20204345881938932
43,466,1,0.18522149324417117
43,466,2,0.6243991851806641
43,466,4,0.190379336476326
43,467,1,0.17768914997577667
43,467,2,0.637658953666687
43,467,4,0.18465194106101987
43,468,1,0.17064790427684784
43,468,2,0.6501573324203491
43,468,4,0.17919477820396423
43,469,1,0.17224900424480438
43,469,2,0.6473621726036072
43,469,4,0.18038877844810483
43,470,1,0.16857612133026123
43,470,2,0.6539193391799927
43,470,4,0.1775044947862625
43,471,1,0.17155779898166656
43,471,2,0.6486813426017761
43,471,4,0.17976084351539612
43,472,1,0.17175549268722534
43,472,2,0.6483914852142334
43,472,4,0.17985297739505768
43,473,1,0.16742773354053497
43,473,2,0.6561029553413391
43,473,4,0.17646929621696472
43,474,1,0.16933096945285797
43,474,2,0.6527839303016664
43,474,4,0.17788508534431455
43,475,1,0.17474134266376495
43,475,2,0.6432756781578064
43,475,4,0.18198303878307345
43,476,1,0.18205198645591733
43,476,2,0.6304710507392883
43,476,4,0.18747693300247192
43,477,1,0.18953149020671844
43,477,2,0.6174656748771667
43,477,4,0.1930028051137924
43,478,1,0.18690475821495056
43,478,2,0.6220526099205017
43,478,4,0.19104263186454767
43,479,1,0.18892817199230197
43,479,2,0.6185510158538817
43,479,4,0.1925208270549774
43,480,1,0.18747694790363312
43,480,2,0.6211051940917969
43,480,4,0.1914178431034088
43,481,1,0.19281607866287231
43,481,2,0.6118555068969728
43,481,4,0.1953284442424774
43,482,1,0.19788601994514465
43,482,2,0.6031255722045897
43,482,4,0.1989883929491043
43,483,1,0.19733019173145291
43,483,2,0.6041085124015808
43,483,4,0.19856131076812744
43,484,1,0.20220610499382016
43,484,2,0.59576416015625
43,484,4,0.2020297348499298
43,485,1,0.20465128123760223
43,485,2,0.5916150212287903
43,485,4,0.2037336826324463
43,486,1,0.20856615900993347
43,486,2,0.5850216150283812
43,486,4,0.206412211060524
43,487,1,0.21934314072132113
43,487,2,0.5684633851051331
43,487,4,0.21219350397586825
43,488,1,0.21457809209823608
43,488,2,0.5753077268600464
43,488,4,0.21011415123939517
43,489,1,0.1991964876651764
43,489,2,0.601047694683075
43,489,4,0.19975583255290985
43,490,1,0.18821099400520325
43,490,2,0.6200165748596193
43,490,4,0.1917724311351776
43,491,1,0.17474099993705747
43,491,2,0.6435641646385193
43,491,4,0.1816948354244232
43,492,1,0.17197901010513303
43,492,2,0.6484249830245972
43,492,4,0.1795959770679474
43,493,1,0.16857628524303436
43,493,2,0.6544491052627563
43,493,4,0.17697462439537048
43,494,1,0.16829313337802887
43,494,2,0.6549485921859741
43,494,4,0.17675821483135223
43,495,1,0.1644461303949356
43,495,2,0.6617987155914307
43,495,4,0.1737551391124725
43,496,1,0.1672465056180954
43,496,2,0.6568107008934021
43,496,4,0.17594283819198608
43,497,1,0.16408421099185944
43,497,2,0.6624225974082947
43,497,4,0.17349316179752347
43,498,1,0.17277617752552032
43,498,2,0.6470082402229309
43,498,4,0.1802155822515488
43,499,1,0.17529480159282684
43,499,2,0.6425841450691223
43,499,4,0.1821210980415344
43,500,1,0.18273204565048215
43,500,2,0.6295574903488159
43,500,4,0.18771047890186307
43,501,1,0.18950729072093964
43,501,2,0.6177810430526732
43,501,4,0.19271166622638705
43,502,1,0.19459828734397888
43,502,2,0.6089797616004944
43,502,4,0.19642196595668793
43,503,1,0.19109098613262177
43,503,2,0.6150416731834412
43,503,4,0.19386737048625943
43,504,1,0.19692380726337433
43,504,2,0.6049832701683044
43,504,4,0.1980929225683212
43,505,1,0.19892573356628415
43,505,2,0.601539134979248
43,505,4,0.19953511655330655
43,506,1,0.20032735168933868
43,506,2,0.5991445779800415
43,506,4,0.20052810013294217
43,507,1,0.19944195449352264
43,507,2,0.6006749868392944
43,507,4,0.19988310337066648
43,508,1,0.21120700240135193
43,508,2,0.5805858969688416
43,508,4,0.20820708572864527
43,509,1,0.2079168409109116
43,509,2,0.5862125754356384
43,509,4,0.2058706134557724
43,510,1,0.21355874836444852
43,510,2,0.5767894387245177
43,510,4,0.20965179800987244
43,511,1,0.21452124416828156
43,511,2,0.5754507780075073
43,511,4,0.2100280076265335
43,512,1,0.22784939408302307
43,512,2,0.555680513381958
43,512,4,0.21647007763385767
43,513,1,0.22382709383964536
43,513,2,0.5616958737373352
43,513,4,0.2144770324230194
43,514,1,0.22606754302978516
43,514,2,0.5581642389297485
43,514,4,0.21576817333698273
43,515,1,0.21322441101074216
43,515,2,0.5770918130874634
43,515,4,0.20968377590179443
43,516,1,0.2089263051748276
43,516,2,0.5843424201011658
43,516,4,0.20673127472400665
43,517,1,0.2000026106834412
43,517,2,0.5995559692382812
43,517,4,0.2004413902759552
43,518,1,0.19416917860507965
43,518,2,0.6095744371414185
43,518,4,0.19625639915466309
43,519,1,0.18973517417907715
43,519,2,0.6172223091125488
43,519,4,0.1930425018072128
43,520,1,0.18620887398719788
43,520,2,0.623344898223877
43,520,4,0.1904462277889252
43,521,1,0.19358687102794647
43,521,2,0.6105307936668396
43,521,4,0.19588232040405276
43,522,1,0.1957756578922272
43,522,2,0.6067416071891785
43,522,4,0.19748274981975555
43,523,1,0.19264283776283264
43,523,2,0.6121354699134827
43,523,4,0.1952216923236847
43,524,1,0.19652961194515228
43,524,2,0.6054278016090393
43,524,4,0.1980425864458084
43,525,1,0.2031984031200409
43,525,2,0.5939702391624451
43,525,4,0.20283134281635284
43,526,1,0.1984797567129135
43,526,2,0.6020764112472534
43,526,4,0.19944380223751068
43,527,1,0.1914713829755783
43,527,2,0.6141565442085266
43,527,4,0.19437213242053983
43,528,1,0.1939438283443451
43,528,2,0.6098920106887816
43,528,4,0.1961641758680344
43,529,1,0.1992763727903366
43,529,2,0.6007187366485596
43,529,4,0.20000489056110385
43,530,1,0.19580246508121488
43,530,2,0.6067003607749938
43,530,4,0.1974971443414688
43,531,1,0.2030465751886368
43,531,2,0.594257652759552
43,531,4,0.2026957720518112
43,532,1,0.2074000835418701
43,532,2,0.5868273973464966
43,532,4,0.20577250421047208
43,533,1,0.2094103097915649
43,533,2,0.5833907127380371
43,533,4,0.20719900727272036
43,534,1,0.20568387210369113
43,534,2,0.5897673964500427
43,534,4,0.20454873144626615
43,535,1,0.2141859829425812
43,535,2,0.5753701329231262
43,535,4,0.21044392883777616
43,536,1,0.21520277857780457
43,536,2,0.5739757418632507
43,536,4,0.2108214646577835
43,537,1,0.21838545799255368
43,537,2,0.569311261177063
43,537,4,0.21230329573154447
43,538,1,0.21933481097221372
43,538,2,0.5677388310432434
43,538,4,0.21292632818222043
43,539,1,0.21277664601802823
43,539,2,0.5776698589324951
43,539,4,0.20955348014831543
43,540,1,0.20860211551189425
43,540,2,0.584717869758606
43,540,4,0.2066800147294998
43,541,1,0.19971792399883273
43,541,2,0.5998712182044983
43,541,4,0.2004108726978302
43,542,1,0.19620895385742188
43,542,2,0.6058774590492249
43,542,4,0.19791358709335327
43,543,1,0.19686809182167053
43,543,2,0.6047160029411316
43,543,4,0.19841589033603668
43,544,1,0.1921005994081497
43,544,2,0.6129240393638611
43,544,4,0.194975346326828
43,545,1,0.1850505620241165
43,545,2,0.62514328956604
43,545,4,0.18980608880519864
43,546,1,0.18565264344215396
43,546,2,0.6240859627723694
43,546,4,0.1902613788843155
43,547,1,0.18504194915294647
43,547,2,0.6251614689826965
43,547,4,0.18979659676551816
43,548,1,0.18594147264957428
43,548,2,0.6236128211021423
43,548,4,0.1904456466436386
43,549,1,0.18988932669162753
43,549,2,0.6167698502540588
43,549,4,0.1933408081531525
43,550,1,0.19177807867527008
43,550,2,0.6134967803955078
43,550,4,0.1947251111268997
43,551,1,0.1906563639640808
43,551,2,0.6154204607009888
43,551,4,0.1939231753349304
43,552,1,0.18847596645355225
43,552,2,0.61919766664505
43,552,4,0.1923262923955917
43,553,1,0.18882362544536593
43,553,2,0.6185933947563171
43,553,4,0.19258293509483335
43,554,1,0.1928895711898804
43,554,2,0.611545979976654
43,554,4,0.1955644488334656
43,555,1,0.19536153972148892
43,555,2,0.6072786450386047
43,555,4,0.19735980033874512
43,556,1,0.199048325419426
43,556,2,0.6009395718574524
43,556,4,0.20001213252544403
43,557,1,0.20153142511844635
43,557,2,0.5966954231262207
43,557,4,0.20177312195301053
43,558,1,0.20325948297977448
43,558,2,0.59377521276474
43,558,4,0.20296533405780792
43,559,1,0.20754402875900269
43,559,2,0.5864753723144531
43,559,4,0.20598058402538297
43,560,1,0.20625847578048703
43,560,2,0.5886832475662231
43,560,4,0.2050582468509674
43,561,1,0.2013031244277954
43,561,2,0.5971488952636719
43,561,4,0.2015479952096939
43,562,1,0.18390946090221405
43,562,2,0.6272192001342772
43,562,4,0.18887136876583097
43,563,1,0.18263147771358487
43,563,2,0.6294357180595398
43,563,4,0.18793280422687528
43,564,1,0.1669418215751648
43,564,2,0.6570671200752257
43,564,4,0.17599105834960935
43,565,1,0.16162653267383575
43,565,2,0.667164981365204
43,565,4,0.1712084859609604
43,566,1,0.16383011639118195
43,566,2,0.6629157662391664
43,566,4,0.1732540875673294
43,567,1,0.16220183670520782
43,567,2,0.6660459637641907
43,567,4,0.17175221443176267
43,568,1,0.16159306466579437
43,568,2,0.6672199964523315
43,568,4,0.17118695378303528
43,569,1,0.1644967943429947
43,569,2,0.6616296768188477
43,569,4,0.17387357354164124
43,570,1,0.16401074826717377
43,570,2,0.6625618934631348
43,570,4,0.17342737317085266
43,571,1,0.16910505294799805
43,571,2,0.6532769799232483
43,571,4,0.17761795222759247
43,572,1,0.17502491176128387
43,572,2,0.6428365111351013
43,572,4,0.1821385473012924
43,573,1,0.18049877882003784
43,573,2,0.6332323551177979
43,573,4,0.18626889586448667
43,574,1,0.18195219337940216
43,574,2,0.6307063102722168
43,574,4,0.18734151124954224
43,575,1,0.17670021951198575
43,575,2,0.6399298310279846
43,575,4,0.1833699643611908
43,576,1,0.1815835237503052
43,576,2,0.6313691735267639
43,576,4,0.18704731762409207
43,577,1,0.1826181858778
43,577,2,0.6295789480209352
43,577,4,0.1878029108047485
43,578,1,0.1870259642601013
43,578,2,0.6219150424003601
43,578,4,0.19105899333953855
43,579,1,0.19145429134368896
43,579,2,0.6142318248748779
43,579,4,0.19431389868259427
43,580,1,0.20240195095539093
43,580,2,0.5953751206398009
43,580,4,0.20222292840480804
43,581,1,0.20735843479633329
43,581,2,0.5868959426879883
43,581,4,0.2057456076145172
43,582,1,0.20217967033386233
43,582,2,0.59574294090271
43,582,4,0.20207741856575007
43,583,1,0.20917989313602448
43,583,2,0.5838359594345093
43,583,4,0.20698416233062744
43,584,1,0.20850439369678497
43,584,2,0.5850263833999634
43,584,4,0.20646917819976807
43,585,1,0.19715471565723416
43,585,2,0.6044490337371825
43,585,4,0.1983962953090668
43,586,1,0.1832231730222702
43,586,2,0.6285842061042786
43,586,4,0.18819259107112885
43,587,1,0.17327511310577393
43,587,2,0.6460320949554443
43,587,4,0.18069277703762052
43,588,1,0.17219901084899902
43,588,2,0.647925078868866
43,588,4,0.1798759549856186
43,589,1,0.16210579872131348
43,589,2,0.6662225723266602
43,589,4,0.17167164385318756
43,590,1,0.1638876497745514
43,590,2,0.6627863645553589
43,590,4,0.17332598567008972
43,591,1,0.16060329973697662
43,591,2,0.6691026091575624
43,591,4,0.17029401659965515
43,592,1,0.15863670408725739
43,592,2,0.672900915145874
43,592,4,0.1684623807668686
43,593,1,0.1594972312450409
43,593,2,0.6712471842765808
43,593,4,0.16925558447837827
43,594,1,0.1613551527261734
43,594,2,0.6676736474037169
43,594,4,0.1709711253643036
43,595,1,0.1664312034845352
43,595,2,0.6582208871841431
43,595,4,0.17534790933132172
43,596,1,0.17177121341228485
43,596,2,0.64876788854599
43,596,4,0.17946086823940277
43,597,1,0.17517302930355072
43,597,2,0.6427773833274841
43,597,4,0.18204957246780396
43,598,1,0.17954525351524353
43,598,2,0.6351094245910645
43,598,4,0.1853453367948532
43,599,1,0.17871274054050443
43,599,2,0.6365813612937927
43,599,4,0.1847059428691864
43,600,1,0.18301329016685483
43,600,2,0.6290665864944458
43,600,4,0.18792015314102167
43,601,1,0.184973269701004
43,601,2,0.6256616115570068
43,601,4,0.18936510384082797
43,602,1,0.18465128540992737
43,602,2,0.6262465119361876
43,602,4,0.1891021877527237
43,603,1,0.1922637075185776
43,603,2,0.6130431890487671
43,603,4,0.1946930885314941
43,604,1,0.19399243593215945
43,604,2,0.6100908517837524
43,604,4,0.1959167122840881
43,605,1,0.19793227314949036
43,605,2,0.6033464074134827
43,605,4,0.19872130453586576
43,606,1,0.20576368272304532
43,606,2,0.5899679660797119
43,606,4,0.20426838099956512
43,607,1,0.2074265778064728
43,607,2,0.5871591567993164
43,607,4,0.2054142951965332
43,608,1,0.20847527682781217
43,608,2,0.5854228734970093
43,608,4,0.2061018347740173
43,609,1,0.20016321539878845
43,609,2,0.5996448993682861
43,609,4,0.20019185543060303
43,610,1,0.18527580797672272
43,610,2,0.625415027141571
43,610,4,0.18930916488170624
43,611,1,0.1743499785661697
43,611,2,0.6445760130882263
43,611,4,0.18107397854328156
43,612,1,0.1682285517454147
43,612,2,0.6554358005523682
43,612,4,0.1763356477022171
43,613,1,0.16474367678165436
43,613,2,0.6616526246070862
43,613,4,0.17360366880893707
43,614,1,0.16496239602565765
43,614,2,0.6612988710403441
43,614,4,0.1737387329339981
43,615,1,0.16148492693901062
43,615,2,0.6675270199775696
43,615,4,0.1709880828857422
43,616,1,0.1595686972141266
43,616,2,0.6711193323135376
43,616,4,0.1693120002746582
43,617,1,0.1659487932920456
43,617,2,0.6596382260322571
43,617,4,0.17441298067569733
43,618,1,0.16398508846759796
43,618,2,0.6631630659103394
43,618,4,0.17285189032554626
43,619,1,0.1675949394702911
43,619,2,0.6567753553390503
43,619,4,0.17562969028949735
43,620,1,0.17635855078697205
43,620,2,0.6413355469703673
43,620,4,0.1823059171438217
43,621,1,0.17696493864059448
43,621,2,0.6403000950813292
43,621,4,0.18273496627807617
43,622,1,0.1789387613534927
43,622,2,0.6368640065193176
43,622,4,0.18419723212718964
43,623,1,0.1771556586027145
43,623,2,0.6399949193000793
43,623,4,0.1828494220972061
43,624,1,0.18001706898212433
43,624,2,0.6349968910217285
43,624,4,0.18498603999614716
43,625,1,0.18133491277694705
43,625,2,0.6327261328697205
43,625,4,0.18593893945217127
43,626,1,0.18711866438388824
43,626,2,0.6226684451103209
43,626,4,0.19021284580230713
43,627,1,0.19093461334705353
43,627,2,0.6160728335380553
43,627,4,0.19299258291721344
43,628,1,0.19393806159496307
43,628,2,0.610908269882202
43,628,4,0.1951536685228348
43,629,1,0.19598121941089633
43,629,2,0.607435941696167
43,629,4,0.19658279418945312
43,630,1,0.20423658192157745
43,630,2,0.5933112502098083
43,630,4,0.20245219767093656
43,631,1,0.2098150998353958
43,631,2,0.58382648229599
43,631,4,0.20635846257209775
43,632,1,0.21213333308696744
43,632,2,0.5799050927162169
43,632,4,0.2079615294933319
43,633,1,0.19825239479541776
43,633,2,0.6035818457603456
43,633,4,0.1981657147407532
43,634,1,0.18744142353534696
43,634,2,0.6222695112228394
43,634,4,0.19028908014297485
43,635,1,0.17297323048114777
43,635,2,0.6475887298583984
43,635,4,0.179438054561615
43,636,1,0.16700905561447144
43,636,2,0.6581708192825316
43,636,4,0.1748201847076416
43,637,1,0.16618429124355316
43,637,2,0.6596707105636597
43,637,4,0.17414501309394836
43,638,1,0.16440349817276
43,638,2,0.6628659963607788
43,638,4,0.17273052036762235
43,639,1,0.1604914367198944
43,639,2,0.6698728203773499
43,639,4,0.16963575780391693
43,640,1,0.16422629356384277
43,640,2,0.6632556319236755
43,640,4,0.17251801490783691
43,641,1,0.1614846438169479
43,641,2,0.6681604385375977
43,641,4,0.1703549474477768
43,642,1,0.16359174251556396
43,642,2,0.6644437909126282
43,642,4,0.17196445167064667
43,643,1,0.16764503717422485
43,643,2,0.6572707891464232
43,643,4,0.17508411407470703
43,644,1,0.17327240109443665
43,644,2,0.6473513245582581
43,644,4,0.17937627434730527
43,645,1,0.1768803745508194
43,645,2,0.6410213708877563
43,645,4,0.18209831416606903
43,646,1,0.1800614595413208
43,646,2,0.6354719400405884
43,646,4,0.1844665855169296
43,647,1,0.17811405658721924
43,647,2,0.6388961672782898
43,647,4,0.18298976123332977
43,648,1,0.1836190223693848
43,648,2,0.6292999982833862
43,648,4,0.1870809495449066
43,649,1,0.18584266304969788
43,649,2,0.6254421472549438
43,649,4,0.18871518969535828
43,650,1,0.18569274246692655
43,650,2,0.6257112622261047
43,650,4,0.18859596550464633
43,651,1,0.1880551874637604
43,651,2,0.62163108587265
43,651,4,0.19031377136707303
43,652,1,0.19650182127952573
43,652,2,0.6070783734321593
43,652,4,0.1964197903871536
43,653,1,0.20028366148471832
43,653,2,0.6005944609642029
43,653,4,0.1991218626499176
43,654,1,0.20309844613075256
43,654,2,0.5957833528518677
43,654,4,0.20111821591854093
43,655,1,0.20705188810825348
43,655,2,0.5890663862228394
43,655,4,0.2038816958665848
43,656,1,0.20398767292499545
43,656,2,0.5942891240119934
43,656,4,0.20172318816185
43,657,1,0.1989850550889969
43,657,2,0.6028586626052856
43,657,4,0.19815626740455627
43,658,1,0.18610188364982605
43,658,2,0.6250597238540649
43,658,4,0.18883842229843137
43,659,1,0.17645886540412903
43,659,2,0.6418817639350891
43,659,4,0.18165937066078183
43,660,1,0.16754885017871857
43,660,2,0.657556414604187
43,660,4,0.17489467561244965
43,661,1,0.17083120346069336
43,661,2,0.6517561674118042
43,661,4,0.17741264402866364
43,662,1,0.16782277822494507
43,662,2,0.6570596098899841
43,662,4,0.17511755228042603
43,663,1,0.16183303296566007
43,663,2,0.6676760315895081
43,663,4,0.17049096524715424
43,664,1,0.16478270292282104
43,664,2,0.6624321937561035
43,664,4,0.1727851629257202
43,665,1,0.168935164809227
43,665,2,0.6550664901733398
43,665,4,0.17599831521511075
43,666,1,0.16537784039974213
43,666,2,0.6613544821739197
43,666,4,0.17326772212982175
43,667,1,0.17152878642082214
43,667,2,0.6504794359207153
43,667,4,0.17799177765846252
43,668,1,0.17908945679664612
43,668,2,0.6372082829475403
43,668,4,0.1837022751569748
43,669,1,0.18415036797523496
43,669,2,0.6283782124519348
43,669,4,0.1874713897705078
43,670,1,0.18701589107513428
43,670,2,0.6234053373336792
43,670,4,0.18957875669002527
43,671,1,0.18446587026119232
43,671,2,0.6278196573257446
43,671,4,0.18771445751190183
43,672,1,0.18910992145538327
43,672,2,0.6197566390037537
43,672,4,0.19113342463970184
43,673,1,0.18899603188037872
43,673,2,0.6199421882629395
43,673,4,0.19106173515319824
43,674,1,0.1920147091150284
43,674,2,0.6147180199623108
43,674,4,0.1932673007249832
43,675,1,0.19304946064949036
43,675,2,0.6129386425018312
43,675,4,0.19401195645332336
43,676,1,0.19278697669506076
43,676,2,0.6134178042411804
43,676,4,0.19379524886608124
43,677,1,0.2000565528869629
43,677,2,0.6009500026702881
43,677,4,0.1989934593439102
43,678,1,0.20118555426597595
43,678,2,0.5990103483200073
43,678,4,0.19980408251285553
43,679,1,0.20472460985183716
43,679,2,0.5929543972015381
43,679,4,0.20232100784778595
43,680,1,0.2144843488931656
43,680,2,0.5774062871932983
43,680,4,0.20810934901237488
43,681,1,0.21676541864871976
43,681,2,0.5740922689437865
43,681,4,0.2091422975063324
43,682,1,0.21499118208885193
43,682,2,0.5765148997306824
43,682,4,0.20849385857582087
43,683,1,0.207192063331604
43,683,2,0.588635265827179
43,683,4,0.20417267084121704
43,684,1,0.20440509915351868
43,684,2,0.5933421850204468
43,684,4,0.20225274562835693
43,685,1,0.2010904848575592
43,685,2,0.5989524126052856
43,685,4,0.19995710253715515
43,686,1,0.19942520558834076
43,686,2,0.6017636656761169
43,686,4,0.19881111383438113
43,687,1,0.19710125029087064
43,687,2,0.6057025790214539
43,687,4,0.19719621539115903
43,688,1,0.1964414268732071
43,688,2,0.6067882776260376
43,688,4,0.19677029550075528
43,689,1,0.19437101483345032
43,689,2,0.6103036403656006
43,689,4,0.19532532989978793
43,690,1,0.1953358352184296
43,690,2,0.6085982322692871
43,690,4,0.19606596231460569
43,691,1,0.19251395761966705
43,691,2,0.6134358048439026
43,691,4,0.19405026733875275
43,692,1,0.19877231121063232
43,692,2,0.6026449799537659
43,692,4,0.1985826790332794
43,693,1,0.20048323273658752
43,693,2,0.5996595621109009
43,693,4,0.1998571753501892
43,694,1,0.19951750338077545
43,694,2,0.601285755634308
43,694,4,0.19919675588607788
43,695,1,0.19564799964427948
43,695,2,0.6079061627388
43,695,4,0.19644588232040405
43,696,1,0.19749635457992556
43,696,2,0.6047174334526062
43,696,4,0.19778621196746823
43,697,1,0.19741012156009677
43,697,2,0.6048612594604492
43,697,4,0.19772857427597043
43,698,1,0.20258376002311704
43,698,2,0.5959640741348267
43,698,4,0.20145216584205627
43,699,1,0.1993909180164337
43,699,2,0.601421594619751
43,699,4,0.19918744266033167
43,700,1,0.1974487602710724
43,700,2,0.6047443151473999
43,700,4,0.1978069096803665
43,701,1,0.1975011229515076
43,701,2,0.604656457901001
43,701,4,0.19784238934516904
43,702,1,0.20268666744232175
43,702,2,0.5957733392715454
43,702,4,0.2015400230884552
43,703,1,0.21147365868091583
43,703,2,0.5808150172233582
43,703,4,0.20771127939224243
43,704,1,0.21862821280956268
43,704,2,0.5702065825462341
43,704,4,0.2111652195453644
43,705,1,0.2251838445663452
43,705,2,0.5602855682373047
43,705,4,0.21453063189983368
43,706,1,0.22230328619480133
43,706,2,0.5644842982292175
43,706,4,0.21321240067481995
43,707,1,0.214729443192482
43,707,2,0.5754380226135254
43,707,4,0.20983247458934784
43,708,1,0.2138737440109253
43,708,2,0.5765278339385985
43,708,4,0.20959840714931488
43,709,1,0.20428362488746643
43,709,2,0.5927535891532898
43,709,4,0.20296278595924375
43,710,1,0.19721998274326324
43,710,2,0.6048076152801514
43,710,4,0.19797240197658536
43,711,1,0.1935766488313675
43,711,2,0.6110368967056273
43,711,4,0.1953863948583603
43,712,1,0.19230748713016513
43,712,2,0.6131964325904846
43,712,4,0.19449611008167264
43,713,1,0.1873532086610794
43,713,2,0.6217626929283142
43,713,4,0.1908841282129288
43,714,1,0.1916876584291458
43,714,2,0.6142147779464722
43,714,4,0.1940976083278656
43,715,1,0.193021297454834
43,715,2,0.6118896007537842
43,715,4,0.19508911669254303
43,716,1,0.19033220410346985
43,716,2,0.6165298223495483
43,716,4,0.19313803315162656
43,717,1,0.19486451148986816
43,717,2,0.6086668372154236
43,717,4,0.19646862149238584
43,718,1,0.19077925384044647
43,718,2,0.6157171130180359
43,718,4,0.19350366294384
43,719,1,0.19270220398902893
43,719,2,0.6123750805854796
43,719,4,0.19492273032665247
43,720,1,0.1906791180372238
43,720,2,0.615856409072876
43,720,4,0.193464457988739
43,721,1,0.1931003779172897
43,721,2,0.6116474866867065
43,721,4,0.19525212049484247
43,722,1,0.19153821468353271
43,722,2,0.6143428087234497
43,722,4,0.19411902129650116
43,723,1,0.19635581970214844
43,723,2,0.6060165762901306
43,723,4,0.19762760400772092
43,724,1,0.19945663213729856
43,724,2,0.6006870865821838
43,724,4,0.1998562514781952
43,725,1,0.20352597534656525
43,725,2,0.5936859846115112
43,725,4,0.2027880698442459
43,726,1,0.2033783048391342
43,726,2,0.5939302444458008
43,726,4,0.20269149541854856
43,727,1,0.20199334621429443
43,727,2,0.5962863564491272
43,727,4,0.2017203122377396
43,728,1,0.2080998122692108
43,728,2,0.5858643651008606
43,728,4,0.20603580772876737
43,729,1,0.2139902710914612
43,729,2,0.5758528113365173
43,729,4,0.21015688776969907
43,730,1,0.2080017775297165
43,730,2,0.5859960317611694
43,730,4,0.20600220561027527
43,731,1,0.2032452076673508
43,731,2,0.5940627455711365
43,731,4,0.20269204676151276
43,732,1,0.19966283440589905
43,732,2,0.6001642346382141
43,732,4,0.20017291605472565
43,733,1,0.19819791615009308
43,733,2,0.6026427149772644
43,733,4,0.19915935397148127
43,734,1,0.18877778947353363
43,734,2,0.6188718676567078
43,734,4,0.19235028326511383
43,735,1,0.1850321441888809
43,735,2,0.625357151031494
43,735,4,0.1896107494831085
43,736,1,0.1808505356311798
43,736,2,0.6326437592506409
43,736,4,0.18650576472282407
43,737,1,0.18225835263729093
43,737,2,0.6301493048667908
43,737,4,0.18759234249591827
43,738,1,0.18137629330158236
43,738,2,0.631672203540802
43,738,4,0.1869515031576157
43,739,1,0.18200896680355072
43,739,2,0.6305513381958008
43,739,4,0.18743969500064847
43,740,1,0.18404385447502136
43,740,2,0.6269883513450624
43,740,4,0.1889677792787552
43,741,1,0.18292155861854556
43,741,2,0.6289361119270325
43,741,4,0.1881423592567444
43,742,1,0.1803385615348816
43,742,2,0.633445680141449
43,742,4,0.18621577322483063
43,743,1,0.17919309437274933
43,743,2,0.6354488134384155
43,743,4,0.1853580474853516
43,744,1,0.18326130509376523
43,744,2,0.6283289790153505
43,744,4,0.1884097456932068
43,745,1,0.18182750046253204
43,745,2,0.6308406591415405
43,745,4,0.18733185529708865
43,746,1,0.18756067752838132
43,746,2,0.6208242774009705
43,746,4,0.19161503016948697
43,747,1,0.1898298412561417
43,747,2,0.6168779134750366
43,747,4,0.19329221546649927
43,748,1,0.1935509145259857
43,748,2,0.6104365587234497
43,748,4,0.19601255655288696
43,749,1,0.20070521533489227
43,749,2,0.5981163382530212
43,749,4,0.20117847621440887
43,750,1,0.1997750699520111
43,750,2,0.5997181534767151
43,750,4,0.2005067616701126
43,751,1,0.2055470943450928
43,751,2,0.5898430347442627
43,751,4,0.20460984110832212
43,752,1,0.20977942645549771
43,752,2,0.5826219916343689
43,752,4,0.20759858191013336
43,753,1,0.19413872063159943
43,753,2,0.6094080805778505
43,753,4,0.19645318388938904
43,754,1,0.18306128680706024
43,754,2,0.6286304593086243
43,754,4,0.1883082091808319
43,755,1,0.1707911342382431
43,755,2,0.6502057313919067
43,755,4,0.17900308966636655
43,756,1,0.16580206155776975
43,756,2,0.6590760350227356
43,756,4,0.17512191832065582
43,757,1,0.1605384200811386
43,757,2,0.6692006587982178
43,757,4,0.1702609658241272
43,758,1,0.16068024933338165
43,758,2,0.6689271330833435
43,758,4,0.17039258778095245
43,759,1,0.1591154783964157
43,759,2,0.6719660758972168
43,759,4,0.16891850531101227
43,760,1,0.15805593132972717
43,760,2,0.6744135618209839
43,760,4,0.16753047704696655
43,761,1,0.15896563231945035
43,761,2,0.6723251342773438
43,761,4,0.16870926320552823
43,762,1,0.1589604914188385
43,762,2,0.6723316311836243
43,762,4,0.16870783269405365
43,763,1,0.16499508917331696
43,763,2,0.6606267094612122
43,763,4,0.17437821626663208
43,764,1,0.1694670170545578
43,764,2,0.6526354551315308
43,764,4,0.17789748311042783
43,765,1,0.17508339881896973
43,765,2,0.6427131295204163
43,765,4,0.1822035312652588
43,766,1,0.18010058999061584
43,766,2,0.6339013576507568
43,766,4,0.18599806725978849
43,767,1,0.1787252575159073
43,767,2,0.6363146305084229
43,767,4,0.18496009707450864
43,768,1,0.1826868802309036
43,768,2,0.6293803453445435
43,768,4,0.1879327744245529
43,769,1,0.1820330321788788
43,769,2,0.6305360794067383
43,769,4,0.18743091821670527
43,770,1,0.18630953133106232
43,770,2,0.6230906248092651
43,770,4,0.1905998587608337
43,771,1,0.19123944640159607
43,771,2,0.6145339012145996
43,771,4,0.19422665238380432
43,772,1,0.1957455724477768
43,772,2,0.6067536473274231
43,772,4,0.19750081002712247
43,773,1,0.1989210397005081
43,773,2,0.6012946367263794
43,773,4,0.1997843235731125
43,774,1,0.2047719806432724
43,774,2,0.5912587642669678
43,774,4,0.20396921038627625
43,775,1,0.21444770693778992
43,775,2,0.5747936367988585
43,775,4,0.21075862646102905
43,776,1,0.21034295856952667
43,776,2,0.5817713141441345
43,776,4,0.2078856974840164
43,777,1,0.20582821965217593
43,777,2,0.5894539952278137
43,777,4,0.2047177702188492
43,778,1,0.186924010515213
43,778,2,0.6220417618751526
43,778,4,0.1910341829061508
43,779,1,0.17526619136333463
43,779,2,0.6424704790115356
43,779,4,0.18226331472396848
43,780,1,0.17135725915431976
43,780,2,0.6494032740592957
43,780,4,0.17923946678638458
43,781,1,0.16455517709255219
43,781,2,0.6614926457405089
43,781,4,0.17395217716693878
43,782,1,0.17223966121673584
43,782,2,0.6478884220123291
43,782,4,0.17987187206745148
43,783,1,0.17373067140579224
43,783,2,0.645284116268158
43,783,4,0.18098524212837216
43,784,1,0.1651860624551773
43,784,2,0.6604387164115906
43,784,4,0.1743752360343933
43,785,1,0.16814205050468445
43,785,2,0.6552127003669739
43,785,4,0.17664527893066406
43,786,1,0.1621616780757904
43,786,2,0.6659731864929199
43,786,4,0.17186515033245087
43,787,1,0.16767442226409912
43,787,2,0.6560853123664856
43,787,4,0.1762402504682541
43,788,1,0.17544665932655334
43,788,2,0.64238303899765
43,788,4,0.18217033147811887
43,789,1,0.16936941444873807
43,789,2,0.6531431078910828
43,789,4,0.1774874776601791
43,790,1,0.1734490692615509
43,790,2,0.6459649205207825
43,790,4,0.18058599531650543
43,791,1,0.17702336609363556
43,791,2,0.6397011280059814
43,791,4,0.18327552080154416
43,792,1,0.17677433788776395
43,792,2,0.640167236328125
43,792,4,0.18305841088294983
43,793,1,0.17168889939785004
43,793,2,0.64915531873703
43,793,4,0.17915582656860352
43,794,1,0.17939533293247223
43,794,2,0.6356288194656372
43,794,4,0.18497587740421292
43,795,1,0.1797848641872406
43,795,2,0.6349785923957825
43,795,4,0.1852365136146545
43,796,1,0.18653354048728943
43,796,2,0.6232204437255859
43,796,4,0.19024603068828583
43,797,1,0.19039897620677948
43,797,2,0.6165184378623961
43,797,4,0.19308261573314664
43,798,1,0.19043274223804477
43,798,2,0.6164746284484863
43,798,4,0.1930926144123077
43,799,1,0.19626614451408383
43,799,2,0.6064326167106628
43,799,4,0.19730128347873688
43,800,1,0.20275896787643433
43,800,2,0.5952969789505005
43,800,4,0.201944038271904
43,801,1,0.19294607639312744
43,801,2,0.6121845841407776
43,801,4,0.19486932456493375
43,802,1,0.17707888782024384
43,802,2,0.6398434042930603
43,802,4,0.18307769298553464
43,803,1,0.16505122184753415
43,803,2,0.6611330509185791
43,803,4,0.1738157570362091
43,804,1,0.1604166477918625
43,804,2,0.669467568397522
43,804,4,0.17011575400829315
43,805,1,0.1593550741672516
43,805,2,0.6714186668395996
43,805,4,0.16922630369663239
43,806,1,0.1592300981283188
43,806,2,0.6716874837875366
43,806,4,0.1690824329853058
43,807,1,0.15615826845169067
43,807,2,0.6775033473968506
43,807,4,0.16633838415145874
43,808,1,0.15688960254192352
43,808,2,0.6760849356651306
43,808,4,0.1670253872871399
43,809,1,0.1557193100452423
43,809,2,0.6783454418182373
43,809,4,0.165935218334198
43,810,1,0.157155841588974
43,810,2,0.6755700707435608
43,810,4,0.1672741025686264
43,811,1,0.16220392286777496
43,811,2,0.6665799617767334
43,811,4,0.17121613025665283
43,812,1,0.16892465949058533
43,812,2,0.6546790599822998
43,812,4,0.17639628052711487
44,0,1,0.25270673632621765
44,0,2,0.0346672348678112
44,0,4,0.7126260995864868
44,1,1,0.2513273656368256
44,1,2,0.034169867634773254
44,1,4,0.71450275182724
44,2,1,0.24697862565517423
44,2,2,0.03268784284591675
44,2,4,0.720333456993103
44,3,1,0.2568989396095276
44,3,2,0.036163073033094406
44,3,4,0.7069380283355713
44,4,1,0.2593674063682556
44,4,2,0.037072598934173584
44,4,4,0.703559935092926
44,5,1,0.26315519213676447
44,5,2,0.03847853094339371
44,5,4,0.6983662843704224
44,6,1,0.26351162791252136
44,6,2,0.03862703591585159
44,6,4,0.6978613138198853
44,7,1,0.2713437080383301
44,7,2,0.0416887067258358
44,7,4,0.6869675517082214
44,8,1,0.27106308937072754
44,8,2,0.041602741926908486
44,8,4,0.6873341798782349
44,9,1,0.27527955174446106
44,9,2,0.04330677166581154
44,9,4,0.6814137101173401
44,10,1,0.26338282227516174
44,10,2,0.03850188851356506
44,10,4,0.6981152296066284
44,11,1,0.2596084475517273
44,11,2,0.03705433011054993
44,11,4,0.7033372521400452
44,12,1,0.2612780332565308
44,12,2,0.03765452653169632
44,12,4,0.7010674476623535
44,13,1,0.2574605643749237
44,13,2,0.03622722625732422
44,13,4,0.7063122391700745
44,14,1,0.25855571031570435
44,14,2,0.03660531342029572
44,14,4,0.7048390507698059
44,15,1,0.25352922081947327
44,15,2,0.034783367067575455
44,15,4,0.7116873860359192
44,16,1,0.24565930664539337
44,16,2,0.03208325803279877
44,16,4,0.7222573757171632
44,17,1,0.2549140155315399
44,17,2,0.03523532301187515
44,17,4,0.7098506093025208
44,18,1,0.2546597421169281
44,18,2,0.03515120968222618
44,18,4,0.7101891040802002
44,19,1,0.23990617692470553
44,19,2,0.03018321841955185
44,19,4,0.7299106121063232
44,20,1,0.24845395982265472
44,20,2,0.032978035509586334
44,20,4,0.7185679078102112
44,21,1,0.26636824011802673
44,21,2,0.03950162976980209
44,21,4,0.6941301226615906
44,22,1,0.2615465819835663
44,22,2,0.03765757009387016
44,22,4,0.7007958889007568
44,23,1,0.2559613883495331
44,23,2,0.03560434654355049
44,23,4,0.7084342241287231
44,24,1,0.26608896255493164
44,24,2,0.0393884815275669
44,24,4,0.6945225596427916
44,25,1,0.2717229127883911
44,25,2,0.04159162566065788
44,25,4,0.6866854429244995
44,26,1,0.27008482813835144
44,26,2,0.04092109575867653
44,26,4,0.68899405002594
44,27,1,0.28167694807052607
44,27,2,0.045729663223028176
44,27,4,0.6725934147834778
44,28,1,0.2774370312690735
44,28,2,0.04385976865887642
44,28,4,0.678703248500824
44,29,1,0.2728107571601868
44,29,2,0.04191983491182327
44,29,4,0.6852694153785706
44,30,1,0.2846326529979706
44,30,2,0.046970184892416
44,30,4,0.6683971285820007
44,31,1,0.2771296203136444
44,31,2,0.04373842477798462
44,31,4,0.6791319847106934
44,32,1,0.2873389422893524
44,32,2,0.04820786416530609
44,32,4,0.6644532084465027
44,33,1,0.28644657135009766
44,33,2,0.04774682968854904
44,33,4,0.6658065915107727
44,34,1,0.2870404124259949
44,34,2,0.04795827344059944
44,34,4,0.6650013327598572
44,35,1,0.280921071767807
44,35,2,0.04519592598080635
44,35,4,0.6738829612731934
44,36,1,0.26612430810928345
44,36,2,0.039144307374954224
44,36,4,0.6947314143180847
44,37,1,0.26190817356109614
44,37,2,0.03755368292331696
44,37,4,0.700538158416748
44,38,1,0.26344573497772217
44,38,2,0.03814969956874848
44,38,4,0.6984046101570128
44,39,1,0.2595730423927307
44,39,2,0.03671960532665253
44,39,4,0.7037073969841003
44,40,1,0.2529825866222381
44,40,2,0.03437604010105133
44,40,4,0.7126413583755493
44,41,1,0.2524247467517853
44,41,2,0.03419697284698486
44,41,4,0.7133782505989075
44,42,1,0.25427260994911194
44,42,2,0.03486501798033714
44,42,4,0.710862398147583
44,43,1,0.2585679888725281
44,43,2,0.03641277551651001
44,43,4,0.7050192356109619
44,44,1,0.2593584656715393
44,44,2,0.03670527786016464
44,44,4,0.7039362788200377
44,45,1,0.25971186161041254
44,45,2,0.03684207797050476
44,45,4,0.7034460306167603
44,46,1,0.2617909908294678
44,46,2,0.0376194454729557
44,46,4,0.7005895376205444
44,47,1,0.2526489496231079
44,47,2,0.034319598227739334
44,47,4,0.7130314111709595
44,48,1,0.2556958496570587
44,48,2,0.03539453074336052
44,48,4,0.7089095711708069
44,49,1,0.2625982463359833
44,49,2,0.03790995106101036
44,49,4,0.6994918584823608
44,50,1,0.25751060247421265
44,50,2,0.03603677079081535
44,50,4,0.7064526677131653
44,51,1,0.2727302014827728
44,51,2,0.04187346622347832
44,51,4,0.6853963136672974
44,52,1,0.2708498239517212
44,52,2,0.0411037914454937
44,52,4,0.688046395778656
44,53,1,0.2771631777286529
44,53,2,0.0436718463897705
44,53,4,0.6791649460792542
44,54,1,0.26846495270729065
44,54,2,0.04017526283860207
44,54,4,0.69135981798172
44,55,1,0.2774379551410675
44,55,2,0.043811310082674026
44,55,4,0.67875075340271
44,56,1,0.2816339135169983
44,56,2,0.04563382640480995
44,56,4,0.6727322340011597
44,57,1,0.2664187550544739
44,57,2,0.0393451303243637
44,57,4,0.694236159324646
44,58,1,0.24794952571392057
44,58,2,0.03267297521233559
44,58,4,0.7193775177001953
44,59,1,0.23697349429130557
44,59,2,0.028905762359499928
44,59,4,0.7341207265853882
44,60,1,0.23059415817260745
44,60,2,0.026799652725458145
44,60,4,0.7426061034202575
44,61,1,0.22913159430027008
44,61,2,0.02632646262645721
44,61,4,0.7445419430732726
44,62,1,0.22152920067310333
44,62,2,0.02400907315313816
44,62,4,0.7544617056846618
44,63,1,0.21874669194221497
44,63,2,0.023204993456602097
44,63,4,0.7580482959747313
44,64,1,0.2160562127828598
44,64,2,0.02244200184941292
44,64,4,0.7615017890930175
44,65,1,0.2160179615020752
44,65,2,0.02242722362279892
44,65,4,0.7615548372268676
44,66,1,0.21996426582336423
44,66,2,0.02354878187179565
44,66,4,0.75648695230484
44,67,1,0.22911775112152097
44,67,2,0.026298409327864647
44,67,4,0.7445838451385498
44,68,1,0.2343524396419525
44,68,2,0.02797621302306652
44,68,4,0.7376713752746582
44,69,1,0.24293336272239685
44,69,2,0.030924001708626747
44,69,4,0.726142644882202
44,70,1,0.24848431348800656
44,70,2,0.032788150012493134
44,70,4,0.7187275290489197
44,71,1,0.24724610149860385
44,71,2,0.032370977103710175
44,71,4,0.7203828692436217
44,72,1,0.2481096386909485
44,72,2,0.032655443996191025
44,72,4,0.7192349433898926
44,73,1,0.25048038363456726
44,73,2,0.0334608368575573
44,73,4,0.7160587310791016
44,74,1,0.25955724716186523
44,74,2,0.036705221980810165
44,74,4,0.7037375569343567
44,75,1,0.26187536120414734
44,75,2,0.037567570805549615
44,75,4,0.7005569934844971
44,76,1,0.2655839323997497
44,76,2,0.038985420018434525
44,76,4,0.6954306364059448
44,77,1,0.2627086341381073
44,77,2,0.03789075091481209
44,77,4,0.6994006037712097
44,78,1,0.2699130475521088
44,78,2,0.04066576808691025
44,78,4,0.6894212365150452
44,79,1,0.2679126262664795
44,79,2,0.03987770155072212
44,79,4,0.6922096610069275
44,80,1,0.26857656240463257
44,80,2,0.040134761482477195
44,80,4,0.6912886500358582
44,81,1,0.25762176513671875
44,81,2,0.03600145876407623
44,81,4,0.7063767313957214
44,82,1,0.24536375701427457
44,82,2,0.03178125619888306
44,82,4,0.7228550314903259
44,83,1,0.23292702436447144
44,83,2,0.027520768344402317
44,83,4,0.7395521998405457
44,84,1,0.22770705819129944
44,84,2,0.02585982345044613
44,84,4,0.7464331984519958
44,85,1,0.22358161211013797
44,85,2,0.024600900709629055
44,85,4,0.751817524433136
44,86,1,0.2223765254020691
44,86,2,0.02424008212983608
44,86,4,0.7533833980560303
44,87,1,0.22316774725914
44,87,2,0.024470979347825047
44,87,4,0.7523612976074218
44,88,1,0.218169629573822
44,88,2,0.023011494427919388
44,88,4,0.7588189244270324
44,89,1,0.21874697506427765
44,89,2,0.023175377398729324
44,89,4,0.7580776214599609
44,90,1,0.22140039503574369
44,90,2,0.023941650986671448
44,90,4,0.7546579241752625
44,91,1,0.2261101305484772
44,91,2,0.025348933413624763
44,91,4,0.7485409379005432
44,92,1,0.23243767023086548
44,92,2,0.02736399881541729
44,92,4,0.7401983141899107
44,93,1,0.2434285283088684
44,93,2,0.031132951378822327
44,93,4,0.7254384756088256
44,94,1,0.2492954581975937
44,94,2,0.03309032320976257
44,94,4,0.7176142334938049
44,95,1,0.24375444650650024
44,95,2,0.031246820464730263
44,95,4,0.7249987125396729
44,96,1,0.24478159844875333
44,96,2,0.0315793938934803
44,96,4,0.7236390113830566
44,97,1,0.24450550973415372
44,97,2,0.03150535002350807
44,97,4,0.7239891290664672
44,98,1,0.253529816865921
44,98,2,0.03456627205014229
44,98,4,0.711903989315033
44,99,1,0.2600580155849457
44,99,2,0.03689486905932426
44,99,4,0.7030471563339232
44,100,1,0.2591991722583771
44,100,2,0.03656076267361641
44,100,4,0.704240083694458
44,101,1,0.2538053095340729
44,101,2,0.03463342785835266
44,101,4,0.7115612030029297
44,102,1,0.258230984210968
44,102,2,0.0362364798784256
44,102,4,0.7055324912071228
44,103,1,0.262063592672348
44,103,2,0.03766744956374168
44,103,4,0.7002689838409424
44,104,1,0.2612726092338562
44,104,2,0.03736811131238937
44,104,4,0.7013593316078186
44,105,1,0.25592342019081116
44,105,2,0.035454221069812775
44,105,4,0.7086223959922792
44,106,1,0.24207852780818936
44,106,2,0.03077206201851368
44,106,4,0.7271494269371032
44,107,1,0.22948870062828064
44,107,2,0.026563066989183422
44,107,4,0.7439481616020202
44,108,1,0.2253409177064896
44,108,2,0.025292355567216877
44,108,4,0.7493667006492615
44,109,1,0.2199093848466873
44,109,2,0.0236912053078413
44,109,4,0.7563993930816649
44,110,1,0.2235146015882492
44,110,2,0.02479054778814316
44,110,4,0.7516948580741881
44,111,1,0.21856355667114255
44,111,2,0.023351434618234634
44,111,4,0.758085012435913
44,112,1,0.21724852919578552
44,112,2,0.022985734045505524
44,112,4,0.759765863418579
44,113,1,0.2154657542705536
44,113,2,0.02251720055937767
44,113,4,0.762017011642456
44,114,1,0.22019790112972257
44,114,2,0.02388813719153404
44,114,4,0.7559139132499696
44,115,1,0.23106130957603452
44,115,2,0.027261801064014435
44,115,4,0.7416768670082092
44,116,1,0.24031902849674225
44,116,2,0.030309073626995087
44,116,4,0.7293718457221984
44,117,1,0.25045815110206604
44,117,2,0.033674221485853195
44,117,4,0.7158676385879517
44,118,1,0.24847850203514096
44,118,2,0.03301042318344116
44,118,4,0.7185111045837401
44,119,1,0.25317996740341187
44,119,2,0.03462617099285126
44,119,4,0.7121938467025757
44,120,1,0.24626964330673215
44,120,2,0.03228164091706276
44,120,4,0.7214487195014954
44,121,1,0.25628891587257385
44,121,2,0.03576825559139252
44,121,4,0.70794278383255
44,122,1,0.24975241720676425
44,122,2,0.033470723778009415
44,122,4,0.7167767882347107
44,123,1,0.2518850564956665
44,123,2,0.034238871186971664
44,123,4,0.7138760089874268
44,124,1,0.25952956080436707
44,124,2,0.03701309859752655
44,124,4,0.7034572958946228
44,125,1,0.2585110664367676
44,125,2,0.03666628897190093
44,125,4,0.7048227190971376
44,126,1,0.26571935415267944
44,126,2,0.03943445906043053
44,126,4,0.6948462128639221
44,127,1,0.27473685145378113
44,127,2,0.04304107278585433
44,127,4,0.6822221279144287
44,128,1,0.27691021561622614
44,128,2,0.043977107852697365
44,128,4,0.6791126728057861
44,129,1,0.26040613651275635
44,129,2,0.037430915981531136
44,129,4,0.7021629810333252
44,130,1,0.24417725205421448
44,130,2,0.03176723048090935
44,130,4,0.7240555286407471
44,131,1,0.2295561134815216
44,131,2,0.027114758267998692
44,131,4,0.7433291077613831
44,132,1,0.222379133105278
44,132,2,0.02487687021493912
44,132,4,0.75274395942688
44,133,1,0.22166432440280917
44,133,2,0.024667028337717056
44,133,4,0.7536686658859253
44,134,1,0.21870101988315585
44,134,2,0.02314809337258339
44,134,4,0.7581508755683899
44,135,1,0.2177111506462097
44,135,2,0.02253570593893528
44,135,4,0.7597531676292419
44,136,1,0.2166701704263687
44,136,2,0.021946897730231285
44,136,4,0.7613829374313353
44,137,1,0.21772298216819763
44,137,2,0.022331150248646736
44,137,4,0.759945809841156
44,138,1,0.22042585909366608
44,138,2,0.02354373969137669
44,138,4,0.7560304403305053
44,139,1,0.2255822867155075
44,139,2,0.02596409432590008
44,139,4,0.748453676700592
44,140,1,0.23293641209602356
44,140,2,0.02824030630290508
44,140,4,0.7388232350349425
44,141,1,0.243684247136116
44,141,2,0.03164256736636162
44,141,4,0.7246731519699096
44,142,1,0.2425236105918884
44,142,2,0.03127126023173332
44,142,4,0.7262050509452819
44,143,1,0.24366176128387448
44,143,2,0.031634971499443054
44,143,4,0.7247032523155212
44,144,1,0.2499254047870636
44,144,2,0.03372901678085327
44,144,4,0.7163456678390503
44,145,1,0.24591766297817233
44,145,2,0.03237160295248032
44,145,4,0.7217107415199279
44,146,1,0.24971577525138852
44,146,2,0.033664196729660034
44,146,4,0.7166200280189513
44,147,1,0.2602373659610748
44,147,2,0.03747059777379036
44,147,4,0.7022920250892639
44,148,1,0.25847434997558594
44,148,2,0.03681417927145958
44,148,4,0.7047114968299866
44,149,1,0.26433107256889343
44,149,2,0.03904490545392037
44,149,4,0.6966240406036377
44,150,1,0.2672567367553711
44,150,2,0.040180109441280365
44,150,4,0.6925631165504456
44,151,1,0.26190242171287537
44,151,2,0.03812965378165245
44,151,4,0.6999679207801819
44,152,1,0.261233389377594
44,152,2,0.03787897154688835
44,152,4,0.7008876800537108
44,153,1,0.25295498967170715
44,153,2,0.03484354913234711
44,153,4,0.7122014760971069
44,154,1,0.23741398751735687
44,154,2,0.029642257839441296
44,154,4,0.7329438328742981
44,155,1,0.2276342213153839
44,155,2,0.026692396029829975
44,155,4,0.7456733584403991
44,156,1,0.2222726494073868
44,156,2,0.024071365594863888
44,156,4,0.7536559104919434
44,157,1,0.22148612141609192
44,157,2,0.02363951690495014
44,157,4,0.7548744082450866
44,158,1,0.2207503765821457
44,158,2,0.02328166738152504
44,158,4,0.7559679746627807
44,159,1,0.21996118128299716
44,159,2,0.022911427542567253
44,159,4,0.7571274042129517
44,160,1,0.22094509005546567
44,160,2,0.023406399413943287
44,160,4,0.7556485533714294
44,161,1,0.22233054041862488
44,161,2,0.024097615852952003
44,161,4,0.75357186794281
44,162,1,0.22514039278030396
44,162,2,0.02555890195071697
44,162,4,0.74930077791214
44,163,1,0.23074960708618164
44,163,2,0.027672346681356434
44,163,4,0.7415780425071715
44,164,1,0.24578867852687836
44,164,2,0.032425642013549805
44,164,4,0.7217856049537658
44,165,1,0.2590441107749939
44,165,2,0.037067100405693054
44,165,4,0.703888773918152
44,166,1,0.25158604979515076
44,166,2,0.03439559414982796
44,166,4,0.7140183448791504
44,167,1,0.25481146574020386
44,167,2,0.03552720323204994
44,167,4,0.7096613645553589
44,168,1,0.2558756172657013
44,168,2,0.035901665687561035
44,168,4,0.7082226872444153
44,169,1,0.25061070919036865
44,169,2,0.034053172916173935
44,169,4,0.7153361439704895
44,170,1,0.2583232522010803
44,170,2,0.03681854903697968
44,170,4,0.7048582434654236
44,171,1,0.2580423951148987
44,171,2,0.036722708493471146
44,171,4,0.7052348852157593
44,172,1,0.26855233311653137
44,172,2,0.04076671600341797
44,172,4,0.6906809210777283
44,173,1,0.26428595185279846
44,173,2,0.039096880704164505
44,173,4,0.6966171264648438
44,174,1,0.2738563120365143
44,174,2,0.042958512902259834
44,174,4,0.6831851601600647
44,175,1,0.2805134654045105
44,175,2,0.045777127146720886
44,175,4,0.6737094521522522
44,176,1,0.27820008993148804
44,176,2,0.04470762237906456
44,176,4,0.6770922541618347
44,177,1,0.2737360894680023
44,177,2,0.0427781380712986
44,177,4,0.683485746383667
44,178,1,0.2748723924160004
44,178,2,0.04317236691713333
44,178,4,0.6819551587104796
44,179,1,0.2641962766647339
44,179,2,0.03886935859918594
44,179,4,0.6969343423843384
44,180,1,0.2609435021877289
44,180,2,0.03762103244662285
44,180,4,0.7014355063438416
44,181,1,0.255083292722702
44,181,2,0.03546202927827835
44,181,4,0.7094547152519226
44,182,1,0.2585005462169647
44,182,2,0.03670617938041687
44,182,4,0.7047932744026184
44,183,1,0.25394555926322937
44,183,2,0.03506476804614067
44,183,4,0.7109895944595337
44,184,1,0.2564113438129425
44,184,2,0.03593895956873894
44,184,4,0.7076497077941896
44,185,1,0.25270658731460566
44,185,2,0.03461981937289237
44,185,4,0.7126736044883728
44,186,1,0.2517007887363434
44,186,2,0.0342489555478096
44,186,4,0.7140502333641052
44,187,1,0.2527373433113098
44,187,2,0.03462542966008186
44,187,4,0.7126371264457704
44,188,1,0.2510996460914612
44,188,2,0.03404952213168144
44,188,4,0.7148508429527283
44,189,1,0.2576964497566223
44,189,2,0.03639411553740501
44,189,4,0.7059093713760376
44,190,1,0.25327152013778687
44,190,2,0.03479083999991417
44,190,4,0.7119376063346863
44,191,1,0.25037071108818054
44,191,2,0.03376561403274536
44,191,4,0.7158637046813965
44,192,1,0.2583532631397248
44,192,2,0.03660735860466957
44,192,4,0.705039381980896
44,193,1,0.2593955993652344
44,193,2,0.036982059478759766
44,193,4,0.7036223411560059
44,194,1,0.26861461997032166
44,194,2,0.040518153458833694
44,194,4,0.6908672451972961
44,195,1,0.2640417814254761
44,195,2,0.03874761238694191
44,195,4,0.6972106099128723
44,196,1,0.2699078917503357
44,196,2,0.04107186198234558
44,196,4,0.6890203356742859
44,197,1,0.26572546362876887
44,197,2,0.03940177708864212
44,197,4,0.6948727369308472
44,198,1,0.2683136761188507
44,198,2,0.040374737232923515
44,198,4,0.6913115382194519
44,199,1,0.27369987964630127
44,199,2,0.04253371804952621
44,199,4,0.6837663650512695
44,200,1,0.27281051874160767
44,200,2,0.042166270315647125
44,200,4,0.6850231885910033
44,201,1,0.27679938077926636
44,201,2,0.04382102191448212
44,201,4,0.6793796420097351
44,202,1,0.27446314692497253
44,202,2,0.04283613711595535
44,202,4,0.6827007532119751
44,203,1,0.27370724081993103
44,203,2,0.0425158217549324
44,203,4,0.6837769746780396
44,204,1,0.26225215196609497
44,204,2,0.0379907451570034
44,204,4,0.6997570991516113
44,205,1,0.265145868062973
44,205,2,0.03909799084067345
44,205,4,0.6957561373710632
44,206,1,0.26361250877380366
44,206,2,0.03852510079741477
44,206,4,0.697862446308136
44,207,1,0.2657321095466614
44,207,2,0.03935252502560616
44,207,4,0.6949154138565063
44,208,1,0.2608809471130371
44,208,2,0.03751993924379349
44,208,4,0.70159912109375
44,209,1,0.2582064270973205
44,209,2,0.036537762731313705
44,209,4,0.7052558660507202
44,210,1,0.2546361982822418
44,210,2,0.035253461450338364
44,210,4,0.7101103663444519
44,211,1,0.25594261288642883
44,211,2,0.03571733832359313
44,211,4,0.708340048789978
44,212,1,0.2596193850040436
44,212,2,0.03705257549881935
44,212,4,0.703328013420105
44,213,1,0.2648106515407562
44,213,2,0.03900999203324318
44,213,4,0.6961793303489685
44,214,1,0.2545664608478546
44,214,2,0.035187408328056335
44,214,4,0.7102461457252502
44,215,1,0.25553146004676813
44,215,2,0.03551678732037544
44,215,4,0.708951771259308
44,216,1,0.25253382325172424
44,216,2,0.034437716007232666
44,216,4,0.7130285501480104
44,217,1,0.25161921977996826
44,217,2,0.034122299402952194
44,217,4,0.7142584919929504
44,218,1,0.2551391720771789
44,218,2,0.03535911813378334
44,218,4,0.7095017433166504
44,219,1,0.2583504021167755
44,219,2,0.03652440011501312
44,219,4,0.7051252126693726
44,220,1,0.2625724971294403
44,220,2,0.03807513043284416
44,220,4,0.6993523836135864
44,221,1,0.26105403900146484
44,221,2,0.03749679774045944
44,221,4,0.7014491558074951
44,222,1,0.26328969001770014
44,222,2,0.038339436054229736
44,222,4,0.6983708739280701
44,223,1,0.26980650424957275
44,223,2,0.04091902822256088
44,223,4,0.6892744302749634
44,224,1,0.2636214792728424
44,224,2,0.038510970771312714
44,224,4,0.6978675723075867
44,225,1,0.246346578001976
44,225,2,0.03233341500163078
44,225,4,0.7213199734687805
44,226,1,0.2410337328910828
44,226,2,0.030533600598573685
44,226,4,0.7284326553344727
44,227,1,0.2290303260087967
44,227,2,0.026506027206778526
44,227,4,0.7444636225700377
44,228,1,0.2243908643722534
44,228,2,0.025058653205633163
44,228,4,0.7505505084991454
44,229,1,0.2197227478027344
44,229,2,0.02366749383509159
44,229,4,0.7566097378730774
44,230,1,0.22188477218151087
44,230,2,0.02429274097084999
44,230,4,0.7538224458694458
44,231,1,0.21707823872566223
44,231,2,0.02288810908794403
44,231,4,0.76003360748291
44,232,1,0.2161972373723984
44,232,2,0.022632747888565063
44,232,4,0.7611700296401978
44,233,1,0.2183518260717392
44,233,2,0.02323921583592892
44,233,4,0.7584089040756226
44,234,1,0.21971385180950165
44,234,2,0.02362457662820816
44,234,4,0.7566615343093872
44,235,1,0.22748628258705136
44,235,2,0.025954512879252437
44,235,4,0.746559202671051
44,236,1,0.22964757680892944
44,236,2,0.026635747402906414
44,236,4,0.7437165975570679
44,237,1,0.2393505275249481
44,237,2,0.029860232025384903
44,237,4,0.7307891845703125
44,238,1,0.24265179038047793
44,238,2,0.03100556507706642
44,238,4,0.7263425588607789
44,239,1,0.24029320478439328
44,239,2,0.03017634339630604
44,239,4,0.7295304536819458
44,240,1,0.2445349842309952
44,240,2,0.031616248190402985
44,240,4,0.7238488197326659
44,241,1,0.25230470299720764
44,241,2,0.03422586992383003
44,241,4,0.7134693861007689
44,242,1,0.2608106136322021
44,242,2,0.037268754094839096
44,242,4,0.7019206881523132
44,243,1,0.26072362065315247
44,243,2,0.03721342980861664
44,243,4,0.7020629644393921
44,244,1,0.25186455249786377
44,244,2,0.03402987122535705
44,244,4,0.7141056060791016
44,245,1,0.25743523240089417
44,245,2,0.03602530062198639
44,245,4,0.7065393924713135
44,246,1,0.27021944522857666
44,246,2,0.040862035006284714
44,246,4,0.6889185309410095
44,247,1,0.26686689257621765
44,247,2,0.03953516110777855
44,247,4,0.6935979127883911
44,248,1,0.27796852588653564
44,248,2,0.044012900441884995
44,248,4,0.6780185699462891
44,249,1,0.268167108297348
44,249,2,0.03999846428632736
44,249,4,0.6918344497680664
44,250,1,0.2424004226922989
44,250,2,0.03082110360264778
44,250,4,0.7267784476280211
44,251,1,0.2311504632234573
44,251,2,0.027005087584257122
44,251,4,0.7418445348739624
44,252,1,0.2221641838550568
44,252,2,0.024223662912845608
44,252,4,0.7536121606826782
44,253,1,0.2201673686504364
44,253,2,0.023634579032659527
44,253,4,0.7561979889869691
44,254,1,0.22088827192783356
44,254,2,0.02384133823215961
44,254,4,0.7552703619003296
44,255,1,0.2141016870737076
44,255,2,0.021906778216362
44,255,4,0.7639915347099304
44,256,1,0.21809153258800504
44,256,2,0.02302022092044353
44,256,4,0.7588882446289062
44,257,1,0.21935948729515076
44,257,2,0.02336988598108292
44,257,4,0.7572706341743469
44,258,1,0.2234728038311005
44,258,2,0.02456949837505817
44,258,4,0.7519576549530029
44,259,1,0.2264036536216736
44,259,2,0.025459688156843185
44,259,4,0.7481366395950316
44,260,1,0.23313611745834353
44,260,2,0.02761920541524887
44,260,4,0.7392446398735046
44,261,1,0.23684087395668027
44,261,2,0.028892187401652336
44,261,4,0.734266996383667
44,262,1,0.23982977867126465
44,262,2,0.029913701117038727
44,262,4,0.7302565574645997
44,263,1,0.2419113367795944
44,263,2,0.030619656667113304
44,263,4,0.7274690270423889
44,264,1,0.2412057667970657
44,264,2,0.03039858117699623
44,264,4,0.7283955812454223
44,265,1,0.24541571736335757
44,265,2,0.031742319464683526
44,265,4,0.7228419184684753
44,266,1,0.24599073827266693
44,266,2,0.031930066645145416
44,266,4,0.7220792174339294
44,267,1,0.2527410089969635
44,267,2,0.03420503810048103
44,267,4,0.7130540013313292
44,268,1,0.2532055675983429
44,268,2,0.034375790506601334
44,268,4,0.7124186754226685
44,269,1,0.2571980953216553
44,269,2,0.0357661172747612
44,269,4,0.7070358395576477
44,270,1,0.25743111968040466
44,270,2,0.03586217761039734
44,270,4,0.7067066431045532
44,271,1,0.25749459862709045
44,271,2,0.03590398281812668
44,271,4,0.7066013813018799
44,272,1,0.2608267366886139
44,272,2,0.03715218603610992
44,272,4,0.702021062374115
44,273,1,0.2597636878490448
44,273,2,0.036766048520803445
44,273,4,0.7034702897071838
44,274,1,0.24008443951606753
44,274,2,0.030097194015979767
44,274,4,0.7298184037208557
44,275,1,0.22732712328433993
44,275,2,0.02596322260797024
44,275,4,0.7467097043991088
44,276,1,0.2208503931760788
44,276,2,0.024006301537156105
44,276,4,0.7551433444023132
44,277,1,0.21663869917392728
44,277,2,0.022798119112849236
44,277,4,0.7605631947517395
44,278,1,0.21579329669475555
44,278,2,0.022460311651229855
44,278,4,0.761746346950531
44,279,1,0.213603675365448
44,279,2,0.021337546408176426
44,279,4,0.7650588154792786
44,280,1,0.21363747119903564
44,280,2,0.021234663203358647
44,280,4,0.7651278972625731
44,281,1,0.21714712679386136
44,281,2,0.022791648283600807
44,281,4,0.7600611448287965
44,282,1,0.21839208900928497
44,282,2,0.02328898012638092
44,282,4,0.7583189606666565
44,283,1,0.2263620346784592
44,283,2,0.02573070302605629
44,283,4,0.747907280921936
44,284,1,0.22818762063980105
44,284,2,0.02631839551031589
44,284,4,0.7454939484596252
44,285,1,0.2393052279949188
44,285,2,0.02979505620896816
44,285,4,0.7308996915817261
44,286,1,0.23868228495121
44,286,2,0.029601378366351128
44,286,4,0.7317163348197938
44,287,1,0.2388274371623993
44,287,2,0.029631884768605232
44,287,4,0.7315406799316406
44,288,1,0.24122424423694608
44,288,2,0.030381817370653152
44,288,4,0.7283939123153687
44,289,1,0.23910795152187347
44,289,2,0.02970848977565765
44,289,4,0.7311835885047911
44,290,1,0.24803735315799716
44,290,2,0.03259870782494545
44,290,4,0.7193639278411865
44,291,1,0.252334862947464
44,291,2,0.03404783830046654
44,291,4,0.7136173248291016
44,292,1,0.25339618325233454
44,292,2,0.03441844508051872
44,292,4,0.7121853828430176
44,293,1,0.24469260871410367
44,293,2,0.03149007260799408
44,293,4,0.7238173484802246
44,294,1,0.24916124343872073
44,294,2,0.03299461305141449
44,294,4,0.7178441286087036
44,295,1,0.2561696469783783
44,295,2,0.03544657304883003
44,295,4,0.7083837389945984
44,296,1,0.2583900988101959
44,296,2,0.036224957555532455
44,296,4,0.7053849101066588
44,297,1,0.2632138431072235
44,297,2,0.037994913756847375
44,297,4,0.6987912654876709
44,298,1,0.25871333479881287
44,298,2,0.036308761686086655
44,298,4,0.7049778699874878
44,299,1,0.2552624046802521
44,299,2,0.03504711762070656
44,299,4,0.7096904516220093
44,300,1,0.2504347860813141
44,300,2,0.03335428982973099
44,300,4,0.7162109613418579
44,301,1,0.24394366145133967
44,301,2,0.03118683025240898
44,301,4,0.7248695492744445
44,302,1,0.24657733738422397
44,302,2,0.03202827647328377
44,302,4,0.7213943600654602
44,303,1,0.24073253571987152
44,303,2,0.03013952448964119
44,303,4,0.7291279435157776
44,304,1,0.24707049131393433
44,304,2,0.032168712466955185
44,304,4,0.7207607626914978
44,305,1,0.2401289939880371
44,305,2,0.029929867014288902
44,305,4,0.7299411892890929
44,306,1,0.23721943795681
44,306,2,0.02901982329785824
44,306,4,0.7337607145309448
44,307,1,0.23935481905937195
44,307,2,0.029682515189051628
44,307,4,0.7309626936912536
44,308,1,0.24750640988349917
44,308,2,0.03231105953454971
44,308,4,0.720182478427887
44,309,1,0.4226016700267792
44,309,2,0.44035881757736206
44,309,4,0.1370395869016647
44,310,1,0.424930065870285
44,310,2,0.43723094463348394
44,310,4,0.13783901929855347
44,311,1,0.42658001184463507
44,311,2,0.4346486628055573
44,311,4,0.13877131044864655
44,312,1,0.4278008043766022
44,312,2,0.43240159749984736
44,312,4,0.13979753851890564
44,313,1,0.4286947548389434
44,313,2,0.43040981888771057
44,313,4,0.14089544117450714
44,314,1,0.4293393790721893
44,314,2,0.42861843109130854
44,314,4,0.14204223453998563
44,315,1,0.42977648973464966
44,315,2,0.42699477076530457
44,315,4,0.1432286500930786
44,316,1,0.43004560470581055
44,316,2,0.42550650238990784
44,316,4,0.1444478929042816
44,317,1,0.4301686584949493
44,317,2,0.4241262972354889
44,317,4,0.14570508897304535
44,318,1,0.4301799833774567
44,318,2,0.42282557487487793
44,318,4,0.14699439704418182
44,319,1,0.4300741255283356
44,319,2,0.42163026332855214
44,319,4,0.1482955664396286
44,320,1,0.4298487603664398
44,320,2,0.42050760984420776
44,320,4,0.14964361488819122
44,321,1,0.42949894070625305
44,321,2,0.4194368124008178
44,321,4,0.15106429159641263
44,322,1,0.4290429055690765
44,322,2,0.41842779517173767
44,322,4,0.15252934396266937
44,323,1,0.42846900224685674
44,323,2,0.41746965050697327
44,323,4,0.15406133234500885
44,324,1,0.4278014004230499
44,324,2,0.416561096906662
44,324,4,0.15563756227493286
44,325,1,0.4270331561565399
44,325,2,0.41571044921875
44,325,4,0.15725636482238767
44,326,1,0.4262045025825501
44,326,2,0.41489845514297485
44,326,4,0.1588970273733139
44,327,1,0.425300270318985
44,327,2,0.4141175150871277
44,327,4,0.16058218479156494
44,328,1,0.42432749271392817
44,328,2,0.41337531805038447
44,328,4,0.1622971147298813
44,329,1,0.42330318689346313
44,329,2,0.41266563534736633
44,329,4,0.1640312224626541
44,330,1,0.42222425341606146
44,330,2,0.41198974847793574
44,330,4,0.165786013007164
44,331,1,0.4211238324642181
44,331,2,0.41133597493171686
44,331,4,0.16754014790058136
44,332,1,0.4199850261211395
44,332,2,0.41070422530174255
44,332,4,0.1693107634782791
44,333,1,0.4261076152324677
44,333,2,0.06516290456056595
44,333,4,0.5087294578552246
44,334,1,0.4256455898284912
44,334,2,0.06485553830862045
44,334,4,0.5094989538192749
44,335,1,0.42574459314346313
44,335,2,0.06491002440452576
44,335,4,0.5093454122543335
44,336,1,0.42764270305633534
44,336,2,0.06617500633001328
44,336,4,0.5061823129653931
44,337,1,0.42600467801094055
44,337,2,0.06508009135723114
44,337,4,0.5089152455329895
44,338,1,0.43288213014602656
44,338,2,0.06984063982963562
44,338,4,0.4972773194313049
44,339,1,0.4360156953334808
44,339,2,0.07216891646385194
44,339,4,0.491815447807312
44,340,1,0.43685340881347656
44,340,2,0.07279698550701141
44,340,4,0.4903495609760285
44,341,1,0.43040296435356146
44,341,2,0.06807991117238998
44,341,4,0.501517117023468
44,342,1,0.43379169702529913
44,342,2,0.07052489370107651
44,342,4,0.4956834018230438
44,343,1,0.43901440501213074
44,343,2,0.0744788646697998
44,343,4,0.4865067303180695
44,344,1,0.440545916557312
44,344,2,0.07570420950651167
44,344,4,0.48374983668327326
44,345,1,0.4439649283885956
44,345,2,0.07851231843233107
44,345,4,0.47752276062965393
44,346,1,0.4408530294895172
44,346,2,0.07592732459306718
44,346,4,0.48321965336799616
44,347,1,0.4384108781814575
44,347,2,0.07398442178964615
44,347,4,0.4876047074794769
44,348,1,0.4348962604999542
44,348,2,0.07131883502006531
44,348,4,0.49378493428230286
44,349,1,0.4300634264945984
44,349,2,0.06784505397081375
44,349,4,0.5020915269851685
44,350,1,0.4320842623710632
44,350,2,0.06927801668643951
44,350,4,0.49863770604133606
44,351,1,0.42768195271492
44,351,2,0.06624177098274231
44,351,4,0.5060762166976929
44,352,1,0.4325144588947296
44,352,2,0.0696297362446785
44,352,4,0.4978557825088501
44,353,1,0.4272392988204956
44,353,2,0.06598244607448578
44,353,4,0.5067782998085022
44,354,1,0.424985021352768
44,354,2,0.06449931114912033
44,354,4,0.5105156898498535
44,355,1,0.42671972513198847
44,355,2,0.06565883010625839
44,355,4,0.5076214075088501
44,356,1,0.43299466371536255
44,356,2,0.07004404067993164
44,356,4,0.49696126580238337
44,357,1,0.4319908916950226
44,357,2,0.06932245194911957
44,357,4,0.4986867308616638
44,358,1,0.4331276714801788
44,358,2,0.07014507055282593
44,358,4,0.49672731757164
44,359,1,0.4345966577529907
44,359,2,0.07122210413217545
44,359,4,0.49418118596076965
44,360,1,0.4359804689884186
44,360,2,0.07225323468446732
44,360,4,0.49176633358001703
44,361,1,0.4373760521411896
44,361,2,0.07332297414541245
44,361,4,0.48930090665817266
44,362,1,0.44320398569107056
44,362,2,0.07799194753170013
44,362,4,0.4788040816783905
44,363,1,0.44063749909400934
44,363,2,0.0758863165974617
44,363,4,0.4834761321544647
44,364,1,0.44240081310272217
44,364,2,0.07731589674949646
44,364,4,0.480283260345459
44,365,1,0.4380006194114685
44,365,2,0.07378911226987839
44,365,4,0.48821023106575007
44,366,1,0.4383595287799835
44,366,2,0.074078768491745
44,366,4,0.48756167292594904
44,367,1,0.4398083388805389
44,367,2,0.0752355083823204
44,367,4,0.4849561750888824
44,368,1,0.44449174404144287
44,368,2,0.07911606132984161
44,368,4,0.4763921797275543
44,369,1,0.4507697522640228
44,369,2,0.08475662022829054
44,369,4,0.4644736051559448
44,370,1,0.4480167627334594
44,370,2,0.08219507336616515
44,370,4,0.46978816390037537
44,371,1,0.4445550739765167
44,371,2,0.07916054129600526
44,371,4,0.476284384727478
44,372,1,0.44219070672988886
44,372,2,0.07718665897846222
44,372,4,0.4806225895881653
44,373,1,0.4340569078922272
44,373,2,0.07086209952831268
44,373,4,0.4950810074806213
44,374,1,0.43448659777641296
44,374,2,0.07120341807603836
44,374,4,0.4943099617958069
44,375,1,0.43091440200805664
44,375,2,0.06864170730113983
44,375,4,0.5004439353942871
44,376,1,0.4302205741405487
44,376,2,0.0681687667965889
44,376,4,0.5016106367111206
44,377,1,0.42479160428047186
44,377,2,0.06451240926980972
44,377,4,0.5106959939002991
44,378,1,0.4286714196205139
44,378,2,0.06714162230491638
44,378,4,0.5041869878768921
44,379,1,0.4249024987220764
44,379,2,0.06461011618375778
44,379,4,0.5104873776435852
44,380,1,0.4258202016353607
44,380,2,0.06521394848823547
44,380,4,0.5089658498764038
44,381,1,0.4313384890556336
44,381,2,0.06902217864990233
44,381,4,0.49963930249214167
44,382,1,0.4289905726909637
44,382,2,0.0673689916729927
44,382,4,0.5036404132843018
44,383,1,0.42439717054367065
44,383,2,0.06429066509008408
44,383,4,0.5113121867179872
44,384,1,0.42779010534286493
44,384,2,0.06655701249837875
44,384,4,0.5056528449058533
44,385,1,0.42456489801406866
44,385,2,0.06440850347280502
44,385,4,0.5110266208648682
44,386,1,0.4263114929199218
44,386,2,0.06556114554405212
44,386,4,0.5081273913383484
44,387,1,0.4332743585109711
44,387,2,0.07044140994548798
44,387,4,0.4962842464447021
44,388,1,0.4340462684631348
44,388,2,0.07101017236709595
44,388,4,0.4949435293674469
44,389,1,0.43753340840339666
44,389,2,0.07365578413009644
44,389,4,0.4888108372688293
44,390,1,0.44385513663291926
44,390,2,0.07876969128847122
44,390,4,0.4773751497268677
44,391,1,0.43937692046165466
44,391,2,0.07508769631385803
44,391,4,0.4855354130268097
44,392,1,0.4393942356109619
44,392,2,0.07511462271213531
44,392,4,0.4854911863803864
44,393,1,0.43229225277900696
44,393,2,0.06973040103912354
44,393,4,0.4979773759841919
44,394,1,0.4213598072528839
44,394,2,0.062361694872379296
44,394,4,0.5162785053253174
44,395,1,0.411345899105072
44,395,2,0.05642332136631012
44,395,4,0.5322307348251343
44,396,1,0.4071430563926697
44,396,2,0.054120272397995
44,396,4,0.5387366414070128
44,397,1,0.4066503047943115
44,397,2,0.05384835600852966
44,397,4,0.5395013689994812
44,398,1,0.4045674800872802
44,398,2,0.052744459360837936
44,398,4,0.5426880717277527
44,399,1,0.4009508192539215
44,399,2,0.05087989568710327
44,399,4,0.5481693148612976
44,400,1,0.3958818912506104
44,400,2,0.04840515553951264
44,400,4,0.5557129383087158
44,401,1,0.3923368453979492
44,401,2,0.04673963785171509
44,401,4,0.5609235167503357
44,402,1,0.397531121969223
44,402,2,0.04914851486682892
44,402,4,0.5533202886581421
44,403,1,0.405330628156662
44,403,2,0.05303103476762772
44,403,4,0.5416383147239685
44,404,1,0.41059926152229304
44,404,2,0.05544739589095116
44,404,4,0.5339533686637878
44,405,1,0.4147981405258178
44,405,2,0.059759970754384995
44,405,4,0.5254418849945068
44,406,1,0.4062773585319519
44,406,2,0.05680271238088608
44,406,4,0.5369199514389038
44,407,1,0.39612731337547297
44,407,2,0.05318286269903183
44,407,4,0.5506898164749146
44,408,1,0.3956725299358368
44,408,2,0.05488668382167816
44,408,4,0.549440860748291
44,409,1,0.3891516625881195
44,409,2,0.05338423699140549
44,409,4,0.5574641227722168
44,410,1,0.3847717940807343
44,410,2,0.05309463664889336
44,410,4,0.5621335506439209
44,411,1,0.38554319739341736
44,411,2,0.05569262057542801
44,411,4,0.5587641596794128
44,412,1,0.3798618316650391
44,412,2,0.054810259491205215
44,412,4,0.5653278827667236
44,413,1,0.3815400004386902
44,413,2,0.058202654123306274
44,413,4,0.5602573752403259
44,414,1,0.36872181296348566
44,414,2,0.05338349938392639
44,414,4,0.5778946280479431
44,415,1,0.36447790265083313
44,415,2,0.05352362990379333
44,415,4,0.5819985270500183
44,416,1,0.3613553047180176
44,416,2,0.054376929998397834
44,416,4,0.584267795085907
44,417,1,0.3480765223503113
44,417,2,0.049798846244812005
44,417,4,0.6021246314048767
44,418,1,0.3203430771827698
44,418,2,0.039222709834575646
44,418,4,0.640434205532074
44,419,1,0.305283635854721
44,419,2,0.03521396592259407
44,419,4,0.6595023274421692
44,420,1,0.29078587889671326
44,420,2,0.03177444264292717
44,420,4,0.6774396896362305
44,421,1,0.2795984745025635
44,421,2,0.02972406893968582
44,421,4,0.6906774044036865
44,422,1,0.2679321765899658
44,422,2,0.027668500319123268
44,422,4,0.7043992877006531
44,423,1,0.2554244101047516
44,423,2,0.02537906169891357
44,423,4,0.7191964983940125
44,424,1,0.24987129867076877
44,424,2,0.025175409391522408
44,424,4,0.7249532938003539
44,425,1,0.23867036402225492
44,425,2,0.023480786010622975
44,425,4,0.7378488779067993
44,426,1,0.2338567078113556
44,426,2,0.023698912933468815
44,426,4,0.7424443960189819
44,427,1,0.22479589283466336
44,427,2,0.023006215691566467
44,427,4,0.7521979212760925
44,428,1,0.2222174257040024
44,428,2,0.02350097522139549
44,428,4,0.7542815208435057
44,429,1,0.22482115030288696
44,429,2,0.024760613217949867
44,429,4,0.7504183053970338
44,430,1,0.23138125240802765
44,430,2,0.027238663285970688
44,430,4,0.7413800954818724
44,431,1,0.22592186927795407
44,431,2,0.02528947591781616
44,431,4,0.7487886548042297
44,432,1,0.2272639721632004
44,432,2,0.02588340640068054
44,432,4,0.7468526363372802
44,433,1,0.22928139567375183
44,433,2,0.026649897918105125
44,433,4,0.7440686821937562
44,434,1,0.2291459888219833
44,434,2,0.02661439962685108
44,434,4,0.744239568710327
44,435,1,0.23087678849697116
44,435,2,0.027131717652082443
44,435,4,0.7419914603233337
44,436,1,0.23439586162567136
44,436,2,0.02818218618631363
44,436,4,0.7374219298362733
44,437,1,0.2349756211042404
44,437,2,0.028359122574329376
44,437,4,0.7366652488708496
44,438,1,0.248124822974205
44,438,2,0.032530032098293304
44,438,4,0.7193451523780823
44,439,1,0.25066834688186646
44,439,2,0.03339291363954544
44,439,4,0.7159386873245239
44,440,1,0.2557530999183655
44,440,2,0.035172946751117706
44,440,4,0.7090739607810974
44,441,1,0.24441532790660855
44,441,2,0.031337518244981766
44,441,4,0.7242471575736998
44,442,1,0.23025576770305636
44,442,2,0.02691821940243244
44,442,4,0.7428259849548339
44,443,1,0.22625747323036197
44,443,2,0.02504470571875572
44,443,4,0.7486978769302368
44,444,1,0.22250930964946744
44,444,2,0.023092927411198616
44,444,4,0.7543978095054625
44,445,1,0.22010721266269684
44,445,2,0.02187787741422653
44,445,4,0.7580148577690125
44,446,1,0.2211476564407349
44,446,2,0.02224025130271912
44,446,4,0.7566121220588685
44,447,1,0.2183227837085724
44,447,2,0.02089208923280239
44,447,4,0.7607851624488831
44,448,1,0.21549165248870847
44,448,2,0.01958610676229
44,448,4,0.764922261238098
44,449,1,0.214596763253212
44,449,2,0.019173750653862957
44,449,4,0.766229510307312
44,450,1,0.21504074335098264
44,450,2,0.019290739670395848
44,450,4,0.7656685709953309
44,451,1,0.21910814940929407
44,451,2,0.020959358662366867
44,451,4,0.7599325180053712
44,452,1,0.22043626010417935
44,452,2,0.021470997482538223
44,452,4,0.7580927610397338
44,453,1,0.23107674717903137
44,453,2,0.0262401569634676
44,453,4,0.7426831126213074
44,454,1,0.22344523668289185
44,454,2,0.022805050015449524
44,454,4,0.7537497282028198
44,455,1,0.22345711290836331
44,455,2,0.02270970121026039
44,455,4,0.75383323431015
44,456,1,0.2245914041996002
44,456,2,0.0231314729899168
44,456,4,0.752277135848999
44,457,1,0.22615486383438113
44,457,2,0.02373881265521049
44,457,4,0.7501062750816345
44,458,1,0.22854503989219663
44,458,2,0.024597940966486927
44,458,4,0.7468570470809937
44,459,1,0.23076924681663516
44,459,2,0.025450224056839943
44,459,4,0.7437804937362672
44,460,1,0.23186053335666656
44,460,2,0.02581100538372993
44,460,4,0.7423284649848939
44,461,1,0.2360036075115204
44,461,2,0.027655350044369698
44,461,4,0.7363409996032714
44,462,1,0.23907405138015747
44,462,2,0.029114872217178345
44,462,4,0.7318110466003419
44,463,1,0.2382755130529404
44,463,2,0.028706148266792297
44,463,4,0.7330182790756226
44,464,1,0.23946768045425412
44,464,2,0.02926046960055828
44,464,4,0.7312718629837037
44,465,1,0.23443759977817533
44,465,2,0.026776958256959915
44,465,4,0.738785445690155
44,466,1,0.22447700798511505
44,466,2,0.022422507405281063
44,466,4,0.7531005144119263
44,467,1,0.22053667902946472
44,467,2,0.02056843973696232
44,467,4,0.7588948607444763
44,468,1,0.2168357074260712
44,468,2,0.018926504999399185
44,468,4,0.7642377018928528
44,469,1,0.21784146130084991
44,469,2,0.01926532946527004
44,469,4,0.7628932595252991
44,470,1,0.21592171490192413
44,470,2,0.01842745393514633
44,470,4,0.7656508088111876
44,471,1,0.21775148808956143
44,471,2,0.019068231806159016
44,471,4,0.7631802558898925
44,472,1,0.21806637942790985
44,472,2,0.019094742834568024
44,472,4,0.7628387808799743
44,473,1,0.21574692428112033
44,473,2,0.018124187365174294
44,473,4,0.766128897666931
44,474,1,0.21702741086483
44,474,2,0.01852128468453884
44,474,4,0.7644513249397277
44,475,1,0.22026208043098447
44,475,2,0.01972064189612865
44,475,4,0.7600173354148864
44,476,1,0.2243957221508026
44,476,2,0.021431459113955494
44,476,4,0.7541729211807251
44,477,1,0.22948074340820312
44,477,2,0.023337170481681824
44,477,4,0.7471821308135985
44,478,1,0.22782523930072784
44,478,2,0.022641824558377262
44,478,4,0.74953293800354
44,479,1,0.22922858595848083
44,479,2,0.02316208556294441
44,479,4,0.7476093173027039
44,480,1,0.22838078439235687
44,480,2,0.022778127342462536
44,480,4,0.748841106891632
44,481,1,0.2319568991661072
44,481,2,0.024184197187423703
44,481,4,0.7438588738441467
44,482,1,0.23536160588264465
44,482,2,0.025573106482625008
44,482,4,0.7390653491020202
44,483,1,0.23508390784263608
44,483,2,0.0254131443798542
44,483,4,0.7395029664039613
44,484,1,0.23835815489292145
44,484,2,0.026798507198691368
44,484,4,0.7348434329032899
44,485,1,0.24005731940269473
44,485,2,0.027511050924658772
44,485,4,0.7324315905570983
44,486,1,0.2428541332483292
44,486,2,0.02868855372071266
44,486,4,0.7284573316574096
44,487,1,0.2492568790912628
44,487,2,0.031866420060396194
44,487,4,0.7188766598701477
44,488,1,0.24662239849567413
44,488,2,0.03049482963979244
44,488,4,0.7228828072547911
44,489,1,0.23685976862907407
44,489,2,0.025909841060638428
44,489,4,0.7372304201126098
44,490,1,0.22959028184413907
44,490,2,0.02292175963521004
44,490,4,0.7474879622459412
44,491,1,0.22107358276844025
44,491,2,0.019626198336482048
44,491,4,0.759300172328949
44,492,1,0.21947430074214933
44,492,2,0.018994374200701717
44,492,4,0.7615314126014708
44,493,1,0.21756747364997864
44,493,2,0.018233248963952065
44,493,4,0.7641993165016174
44,494,1,0.2173704504966736
44,494,2,0.01816682703793049
44,494,4,0.7644627690315247
44,495,1,0.21522383391857147
44,495,2,0.017340023070573807
44,495,4,0.7674362063407899
44,496,1,0.21679425239562988
44,496,2,0.017927566543221474
44,496,4,0.765278160572052
44,497,1,0.21493215858936307
44,497,2,0.017254658043384552
44,497,4,0.7678131461143493
44,498,1,0.21987751126289368
44,498,2,0.019129687920212746
44,498,4,0.7609928250312805
44,499,1,0.22134749591350555
44,499,2,0.019694307819008827
44,499,4,0.7589582204818724
44,500,1,0.22602753341197968
44,500,2,0.021459754556417465
44,500,4,0.7525126934051514
44,501,1,0.2306325286626816
44,501,2,0.023183012381196026
44,501,4,0.7461844682693481
44,502,1,0.23405109345912933
44,502,2,0.024537814781069756
44,502,4,0.7414111495018004
44,503,1,0.23174235224723813
44,503,2,0.0235933531075716
44,503,4,0.7446643114089965
44,504,1,0.23564544320106504
44,504,2,0.025173647329211235
44,504,4,0.7391809225082396
44,505,1,0.2369588911533356
44,505,2,0.025732066482305527
44,505,4,0.7373090982437133
44,506,1,0.2379257380962372
44,506,2,0.026128314435482025
44,506,4,0.7359459400177003
44,507,1,0.23736587166786197
44,507,2,0.025877704843878743
44,507,4,0.7367563843727111
44,508,1,0.2449524253606796
44,508,2,0.029356656596064568
44,508,4,0.7256909012794495
44,509,1,0.24297624826431277
44,509,2,0.028344605118036274
44,509,4,0.7286791801452637
44,510,1,0.2464957982301712
44,510,2,0.030068546533584595
44,510,4,0.7234356999397277
44,511,1,0.24708402156829837
44,511,2,0.0303418543189764
44,511,4,0.7225741147994995
44,512,1,0.2539646625518799
44,512,2,0.03400493040680885
44,512,4,0.7120303511619568
44,513,1,0.25202661752700806
44,513,2,0.032900065183639526
44,513,4,0.7150733470916748
44,514,1,0.2529248297214508
44,514,2,0.03352028876543045
44,514,4,0.7135549187660217
44,515,1,0.2459777593612671
44,515,2,0.029997024685144424
44,515,4,0.7240251898765565
44,516,1,0.24307531118392944
44,516,2,0.028676435351371765
44,516,4,0.7282481789588928
44,517,1,0.23716703057289124
44,517,2,0.02606036700308323
44,517,4,0.7367726564407348
44,518,1,0.2332454472780228
44,518,2,0.024446854367852208
44,518,4,0.7423077225685119
44,519,1,0.23020863533020017
44,519,2,0.023269547149538997
44,519,4,0.7465218901634216
44,520,1,0.227814182639122
44,520,2,0.022365333512425423
44,520,4,0.7498205304145813
44,521,1,0.2326337099075317
44,521,2,0.02431675419211388
44,521,4,0.7430495619773864
44,522,1,0.23403351008892057
44,522,2,0.0249219574034214
44,522,4,0.741044521331787
44,523,1,0.2319025695323944
44,523,2,0.0240748543292284
44,523,4,0.7440226078033446
44,524,1,0.23446466028690335
44,524,2,0.02514242753386497
44,524,4,0.7403929829597473
44,525,1,0.23879116773605344
44,525,2,0.02704518474638462
44,525,4,0.7341636419296264
44,526,1,0.23577445745468137
44,526,2,0.02569013461470604
44,526,4,0.7385354042053223
44,527,1,0.2311105728149414
44,527,2,0.02376817539334297
44,527,4,0.7451212406158446
44,528,1,0.23280157148838043
44,528,2,0.02443087473511696
44,528,4,0.7427676320075988
44,529,1,0.23635512590408325
44,529,2,0.02591041661798954
44,529,4,0.7377344965934753
44,530,1,0.23409938812255857
44,530,2,0.024936826899647713
44,530,4,0.7409637570381165
44,531,1,0.23883531987667084
44,531,2,0.026991233229637143
44,531,4,0.7341734170913696
44,532,1,0.24166463315486908
44,532,2,0.0282844603061676
44,532,4,0.7300508618354796
44,533,1,0.24293291568756104
44,533,2,0.0288891326636076
44,533,4,0.7281779050827025
44,534,1,0.24062725901603696
44,534,2,0.027762990444898605
44,534,4,0.73160982131958
44,535,1,0.24611723423004153
44,535,2,0.030377142131328583
44,535,4,0.7235055565834044
44,536,1,0.2468242347240448
44,536,2,0.030664175748825077
44,536,4,0.7225115895271301
44,537,1,0.24862369894981384
44,537,2,0.03155556693673134
44,537,4,0.7198206782341003
44,538,1,0.24896200001239777
44,538,2,0.031809449195861816
44,538,4,0.7192286252975464
44,539,1,0.24509820342063904
44,539,2,0.02993366867303848
44,539,4,0.7249680757522582
44,540,1,0.2422902435064316
44,540,2,0.028647927567362785
44,540,4,0.7290618419647216
44,541,1,0.2364085614681244
44,541,2,0.02604060620069504
44,541,4,0.7375508546829223
44,542,1,0.23400378227233887
44,542,2,0.025059035047888756
44,542,4,0.7409371137619017
44,543,1,0.23435252904891968
44,543,2,0.025247272104024887
44,543,4,0.7404002547264099
44,544,1,0.23113754391670227
44,544,2,0.023950668051838875
44,544,4,0.7449118494987487
44,545,1,0.22633641958236692
44,545,2,0.022116784006357193
44,545,4,0.751546800136566
44,546,1,0.2267165333032608
44,546,2,0.022275105118751522
44,546,4,0.7510084509849548
44,547,1,0.2263386398553848
44,547,2,0.022126421332359317
44,547,4,0.7515349984169006
44,548,1,0.2270505577325821
44,548,2,0.022352930158376694
44,548,4,0.7505964636802673
44,549,1,0.2297867834568024
44,549,2,0.023368971422314644
44,549,4,0.7468442320823668
44,550,1,0.23103570938110352
44,550,2,0.023874375969171524
44,550,4,0.7450898885726928
44,551,1,0.2302136272192001
44,551,2,0.02357686311006546
44,551,4,0.7462095022201538
44,552,1,0.2287574857473373
44,552,2,0.022999580949544903
44,552,4,0.7482429146766663
44,553,1,0.22898592054843905
44,553,2,0.023089805617928505
44,553,4,0.7479242682456969
44,554,1,0.23168280720710757
44,554,2,0.02416853979229927
44,554,4,0.7441486716270447
44,555,1,0.2333202213048935
44,555,2,0.024841930717229843
44,555,4,0.7418378591537476
44,556,1,0.23579071462154388
44,556,2,0.02586812898516655
44,556,4,0.7383410930633546
44,557,1,0.23746731877326965
44,557,2,0.026580283418297768
44,557,4,0.7359524369239806
44,558,1,0.23873700201511383
44,558,2,0.02708285860717297
44,558,4,0.7341800928115844
44,559,1,0.2415713667869568
44,559,2,0.02835683524608612
44,559,4,0.7300718426704407
44,560,1,0.24080169200897217
44,560,2,0.027969783172011372
44,560,4,0.731228470802307
44,561,1,0.2375696450471878
44,561,2,0.026510240510106087
44,561,4,0.7359200716018676
44,562,1,0.2259826362133026
44,562,2,0.021826002746820446
44,562,4,0.752191424369812
44,563,1,0.22505494952201843
44,563,2,0.021508475765585896
44,563,4,0.7534365653991699
44,564,1,0.21607351303100583
44,564,2,0.017921283841133118
44,564,4,0.7660052180290222
44,565,1,0.21288442611694333
44,565,2,0.016741935163736343
44,565,4,0.7703736424446107
44,566,1,0.21420350670814517
44,566,2,0.017225977033376694
44,566,4,0.7685704827308655
44,567,1,0.2132268697023392
44,567,2,0.016864757984876633
44,567,4,0.7699083685874939
44,568,1,0.2129168510437012
44,568,2,0.016727780923247337
44,568,4,0.7703554034233093
44,569,1,0.2146973013877869
44,569,2,0.017366761341691017
44,569,4,0.7679359912872313
44,570,1,0.21441505849361417
44,570,2,0.017253372818231583
44,570,4,0.7683315277099609
44,571,1,0.2174604684114456
44,571,2,0.0183581355959177
44,571,4,0.76418137550354
44,572,1,0.2208849191665649
44,572,2,0.01967126876115799
44,572,4,0.7594438791275024
44,573,1,0.22396251559257507
44,573,2,0.020939838141202927
44,573,4,0.7550976872444154
44,574,1,0.22499848902225492
44,574,2,0.02128983847796917
44,574,4,0.7537117004394531
44,575,1,0.22197958827018735
44,575,2,0.020036835223436356
44,575,4,0.7579835057258606
44,576,1,0.224857434630394
44,576,2,0.02118355967104435
44,576,4,0.7539590001106262
44,577,1,0.22562314569950104
44,577,2,0.021436363458633423
44,577,4,0.7529404759407043
44,578,1,0.22866810858249664
44,578,2,0.022543529048562046
44,578,4,0.7487883567810057
44,579,1,0.23164117336273196
44,579,2,0.023693375289440155
44,579,4,0.7446655035018922
44,580,1,0.23882406949996948
44,580,2,0.026725882664322853
44,580,4,0.7344499826431273
44,581,1,0.24197672307491305
44,581,2,0.02818944863975048
44,581,4,0.7298337817192077
44,582,1,0.23861724138259888
44,582,2,0.026659827679395676
44,582,4,0.7347229719161987
44,583,1,0.24327945709228516
44,583,2,0.028738517314195633
44,583,4,0.7279819846153259
44,584,1,0.24301218986511233
44,584,2,0.028529562056064606
44,584,4,0.7284582853317261
44,585,1,0.2356426864862442
44,585,2,0.025228951126337048
44,585,4,0.7391282916069031
44,586,1,0.22629444301128387
44,586,2,0.021562635898590088
44,586,4,0.75214284658432
44,587,1,0.22027117013931277
44,587,2,0.0192202590405941
44,587,4,0.7605084776878357
44,588,1,0.2196268439292908
44,588,2,0.018981000408530235
44,588,4,0.7613921761512755
44,589,1,0.213763028383255
44,589,2,0.016786644235253334
44,589,4,0.769450306892395
44,590,1,0.21483223140239716
44,590,2,0.017176873981952667
44,590,4,0.767991006374359
44,591,1,0.21278367936611173
44,591,2,0.016457492485642433
44,591,4,0.770758867263794
44,592,1,0.21165719628334043
44,592,2,0.016034742817282677
44,592,4,0.772308051586151
44,593,1,0.21226367354393005
44,593,2,0.01621433161199093
44,593,4,0.7715219855308532
44,594,1,0.21352367103099823
44,594,2,0.01660827361047268
44,594,4,0.7698680758476257
44,595,1,0.2166243940591812
44,595,2,0.017697114497423172
44,595,4,0.7656784653663635
44,596,1,0.219696506857872
44,596,2,0.01884559914469719
44,596,4,0.7614579200744629
44,597,1,0.22162194550037384
44,597,2,0.019601818174123764
44,597,4,0.7587762475013733
44,598,1,0.2242201864719391
44,598,2,0.0206072460860014
44,598,4,0.7551725506782532
44,599,1,0.22371359169483185
44,599,2,0.02040008455514908
44,599,4,0.7558863162994384
44,600,1,0.22669649124145508
44,600,2,0.021436363458633423
44,600,4,0.7518671154975891
44,601,1,0.22808848321437836
44,601,2,0.021915849298238754
44,601,4,0.7499957084655762
44,602,1,0.22797609865665436
44,602,2,0.021826777607202526
44,602,4,0.7501971721649171
44,603,1,0.23315095901489255
44,603,2,0.02378232777118683
44,603,4,0.743066668510437
44,604,1,0.23441816866397855
44,604,2,0.02424120530486107
44,604,4,0.7413406372070312
44,605,1,0.23719587922096247
44,605,2,0.025314213708043095
44,605,4,0.7374898791313171
44,606,1,0.24242860078811643
44,606,2,0.027555620297789574
44,606,4,0.730015754699707
44,607,1,0.2436341494321823
44,607,2,0.028038905933499336
44,607,4,0.7283269762992858
44,608,1,0.244477778673172
44,608,2,0.028350919485092163
44,608,4,0.7271713018417358
44,609,1,0.23916850984096527
44,609,2,0.02591593749821186
44,609,4,0.7349156141281128
44,610,1,0.2294234335422516
44,610,2,0.021937796846032143
44,610,4,0.7486387491226195
44,611,1,0.22230221331119537
44,611,2,0.019309658557176586
44,611,4,0.7583881616592406
44,612,1,0.21897491812705996
44,612,2,0.017952196300029755
44,612,4,0.7630728483200073
44,613,1,0.21706660091876984
44,613,2,0.017201028764247894
44,613,4,0.7657323479652404
44,614,1,0.2173200398683548
44,614,2,0.0172311645001173
44,614,4,0.7654487490653991
44,615,1,0.21541611850261688
44,615,2,0.016506696119904518
44,615,4,0.7680771946907043
44,616,1,0.2143534719944
44,616,2,0.016095280647277832
44,616,4,0.7695512175559996
44,617,1,0.21820272505283356
44,617,2,0.01739455014467239
44,617,4,0.7644026875495911
44,618,1,0.21717777848243716
44,618,2,0.016973625868558884
44,618,4,0.7658486366271972
44,619,1,0.21933455765247345
44,619,2,0.01771203614771366
44,619,4,0.7629534006118774
44,620,1,0.22480259835720065
44,620,2,0.019634587690234184
44,620,4,0.7555628418922424
44,621,1,0.2253238409757614
44,621,2,0.01976821571588516
44,621,4,0.7549079656600952
44,622,1,0.22679069638252256
44,622,2,0.020221937447786328
44,622,4,0.7529873847961426
44,623,1,0.2255829721689224
44,623,2,0.01979734748601913
44,623,4,0.7546197175979614
44,624,1,0.2276094555854797
44,624,2,0.020465871319174767
44,624,4,0.751924693584442
44,625,1,0.22864849865436557
44,625,2,0.02077452838420868
44,625,4,0.7505769729614259
44,626,1,0.23264546692371368
44,626,2,0.022194543853402134
44,626,4,0.7451599836349486
44,627,1,0.2352838069200516
44,627,2,0.02316528558731079
44,627,4,0.7415509223937987
44,628,1,0.2373775690793991
44,628,2,0.023949068039655685
44,628,4,0.7386733889579774
44,629,1,0.23889850080013275
44,629,2,0.024497551843523976
44,629,4,0.7366039156913757
44,630,1,0.24441434442996976
44,630,2,0.026801066473126408
44,630,4,0.7287846803665161
44,631,1,0.24805231392383573
44,631,2,0.02844439446926117
44,631,4,0.7235032320022582
44,632,1,0.24957348406314847
44,632,2,0.029147230088710785
44,632,4,0.7212792634963989
44,633,1,0.24055685102939603
44,633,2,0.025111952796578407
44,633,4,0.7343311309814453
44,634,1,0.2334190458059311
44,634,2,0.022255573421716687
44,634,4,0.7443253993988037
44,635,1,0.223569929599762
44,635,2,0.018796749413013455
44,635,4,0.7576332688331603
44,636,1,0.2200011909008026
44,636,2,0.017490794882178307
44,636,4,0.7625080347061157
44,637,1,0.21964791417121887
44,637,2,0.01730462722480297
44,637,4,0.7630475163459779
44,638,1,0.21871058642864227
44,638,2,0.01692741923034191
44,638,4,0.7643619775772095
44,639,1,0.21655359864234924
44,639,2,0.016128037124872208
44,639,4,0.7673183679580688
44,640,1,0.21885085105896
44,640,2,0.016865000128746033
44,640,4,0.7642841935157776
44,641,1,0.21732698380947116
44,641,2,0.01630483567714691
44,641,4,0.7663682699203491
44,642,1,0.21868595480918884
44,642,2,0.016717642545700073
44,642,4,0.7645964026451111
44,643,1,0.2210922539234161
44,643,2,0.017542565241456032
44,643,4,0.7613652348518372
44,644,1,0.22503761947155
44,644,2,0.018766038119792935
44,644,4,0.75619637966156
44,645,1,0.22756503522396088
44,645,2,0.019582411274313927
44,645,4,0.7528524994850159
44,646,1,0.22984991967678073
44,646,2,0.020318506285548207
44,646,4,0.7498314976692199
44,647,1,0.22857303917407987
44,647,2,0.019859006628394127
44,647,4,0.7515679001808167
44,648,1,0.23241026699543
44,648,2,0.02116793766617775
44,648,4,0.7464218139648436
44,649,1,0.23397557437419889
44,649,2,0.02170985378324985
44,649,4,0.7443146109580994
44,650,1,0.23390449583530423
44,650,2,0.021670913323760033
44,650,4,0.7444246411323547
44,651,1,0.23558884859085083
44,651,2,0.02225683629512787
44,651,4,0.7421543002128601
44,652,1,0.24136568605899808
44,652,2,0.024451412260532376
44,652,4,0.7341828942298889
44,653,1,0.24387864768505096
44,653,2,0.025483226403594017
44,653,4,0.7306381464004515
44,654,1,0.245742529630661
44,654,2,0.02626929804682732
44,654,4,0.7279881238937379
44,655,1,0.24841557443141937
44,655,2,0.02740295231342316
44,655,4,0.7241814732551575
44,656,1,0.24643979966640472
44,656,2,0.02651696652173996
44,656,4,0.7270432114601134
44,657,1,0.24321430921554563
44,657,2,0.025118308141827583
44,657,4,0.7316673398017883
44,658,1,0.2344670444726944
44,658,2,0.021762145683169365
44,658,4,0.7437708377838135
44,659,1,0.2278410047292709
44,659,2,0.019457800313830372
44,659,4,0.7527012228965758
44,660,1,0.22149424254894257
44,660,2,0.017486711964011192
44,660,4,0.7610190510749818
44,661,1,0.2238183170557022
44,661,2,0.018198780715465546
44,661,4,0.7579829096794128
44,662,1,0.2216423600912094
44,662,2,0.017549578100442886
44,662,4,0.7608080506324768
44,663,1,0.21802866458892825
44,663,2,0.0163276344537735
44,663,4,0.7656437158584594
44,664,1,0.2197536379098892
44,664,2,0.016924139112234116
44,664,4,0.7633221149444579
44,665,1,0.22229717671871185
44,665,2,0.017793815582990646
44,665,4,0.7599090337753296
44,666,1,0.22000242769718167
44,666,2,0.017049895599484444
44,666,4,0.762947678565979
44,667,1,0.2240717262029648
44,667,2,0.018363019451498985
44,667,4,0.7575652599334717
44,668,1,0.22935299575328824
44,668,2,0.020083678886294365
44,668,4,0.7505632638931273
44,669,1,0.2327979952096939
44,669,2,0.02129998803138733
44,669,4,0.7459020614624022
44,670,1,0.2347673624753952
44,670,2,0.022011229768395424
44,670,4,0.7432213425636292
44,671,1,0.23296327888965607
44,671,2,0.021385077387094498
44,671,4,0.7456516027450562
44,672,1,0.23609682917594907
44,672,2,0.022547161206603047
44,672,4,0.7413560152053834
44,673,1,0.236001655459404
44,673,2,0.022515246644616127
44,673,4,0.7414831519126893
44,674,1,0.23801366984844208
44,674,2,0.02329264208674431
44,674,4,0.7386937141418458
44,675,1,0.2387239933013916
44,675,2,0.02356559596955776
44,675,4,0.7377103567123413
44,676,1,0.23864471912384036
44,676,2,0.02349596098065376
44,676,4,0.737859308719635
44,677,1,0.24360325932502744
44,677,2,0.02544517815113068
44,677,4,0.7309516072273254
44,678,1,0.24430648982524872
44,678,2,0.02576054446399212
44,678,4,0.7299329042434691
44,679,1,0.24658448994159696
44,679,2,0.026757091283798214
44,679,4,0.7266584038734435
44,680,1,0.25266844034194946
44,680,2,0.029549516737461087
44,680,4,0.7177820205688477
44,681,1,0.25394374132156367
44,681,2,0.030200079083442688
44,681,4,0.7158562541007996
44,682,1,0.2528175115585327
44,682,2,0.029720308259129524
44,682,4,0.7174621224403381
44,683,1,0.24780726432800287
44,683,2,0.0275003332644701
44,683,4,0.724692463874817
44,684,1,0.2458386719226837
44,684,2,0.02670910023152828
44,684,4,0.7274522185325623
44,685,1,0.24347202479839325
44,685,2,0.025787686929106712
44,685,4,0.7307403087615967
44,686,1,0.24221742153167725
44,686,2,0.025342021137475967
44,686,4,0.7324405312538147
44,687,1,0.24046996235847476
44,687,2,0.02472641132771969
44,687,4,0.7348035573959351
44,688,1,0.2398312836885452
44,688,2,0.02456799708306789
44,688,4,0.7356007695198059
44,689,1,0.23825110495090485
44,689,2,0.02403124049305916
44,689,4,0.7377176284790038
44,690,1,0.23871704936027527
44,690,2,0.02430587820708752
44,690,4,0.7369770407676696
44,691,1,0.2367155998945236
44,691,2,0.0235709510743618
44,691,4,0.7397134304046631
44,692,1,0.24078974127769473
44,692,2,0.025272458791732788
44,692,4,0.7339377999305725
44,693,1,0.2417122572660446
44,693,2,0.02575884573161602
44,693,4,0.7325288653373718
44,694,1,0.2409501075744629
44,694,2,0.02550145611166954
44,694,4,0.7335484027862548
44,695,1,0.2382812649011612
44,695,2,0.02444897778332233
44,695,4,0.7372697591781616
44,696,1,0.23945437371730804
44,696,2,0.024961696937680244
44,696,4,0.735584020614624
44,697,1,0.23936510086059568
44,697,2,0.02494804933667183
44,697,4,0.7356868386268615
44,698,1,0.2426437586545944
44,698,2,0.026404479518532753
44,698,4,0.7309517860412597
44,699,1,0.24051767587661743
44,699,2,0.02550640143454075
44,699,4,0.733975887298584
44,700,1,0.2391880005598068
44,700,2,0.02497164718806744
44,700,4,0.7358403801918029
44,701,1,0.23923037946224207
44,701,2,0.02498607151210308
44,701,4,0.735783576965332
44,702,1,0.24265311658382413
44,702,2,0.02643721178174019
44,702,4,0.7309097051620483
44,703,1,0.24833199381828308
44,703,2,0.02903897687792778
44,703,4,0.7226290106773376
44,704,1,0.2525403201580048
44,704,2,0.031119555234909058
44,704,4,0.7163401246070862
44,705,1,0.25584036111831665
44,705,2,0.03287435695528984
44,705,4,0.7112852334976196
44,706,1,0.25424519181251526
44,706,2,0.03212232515215874
44,706,4,0.7136324644088745
44,707,1,0.24987940490245816
44,707,2,0.030067168176174164
44,707,4,0.7200534343719481
44,708,1,0.24906277656555173
44,708,2,0.02985072322189808
44,708,4,0.7210865020751953
44,709,1,0.24259203672409055
44,709,2,0.026985350996255875
44,709,4,0.7304225564002991
44,710,1,0.237744465470314
44,710,2,0.0250096395611763
44,710,4,0.7372459769248961
44,711,1,0.2351220399141312
44,711,2,0.024040715768933296
44,711,4,0.7408371567726134
44,712,1,0.23413585126399997
44,712,2,0.023721305653452877
44,712,4,0.7421428561210632
44,713,1,0.23073190450668332
44,713,2,0.02244598418474197
44,713,4,0.7468221187591552
44,714,1,0.23348234593868253
44,714,2,0.023586587980389595
44,714,4,0.7429310083389281
44,715,1,0.23429787158966064
44,715,2,0.023952001705765724
44,715,4,0.7417501211166381
44,716,1,0.23245374858379364
44,716,2,0.02324941754341125
44,716,4,0.7442968487739563
44,717,1,0.23535101115703583
44,717,2,0.02446368895471096
44,717,4,0.7401853203773497
44,718,1,0.23258574306964877
44,718,2,0.0233823973685503
44,718,4,0.7440319061279296
44,719,1,0.23380105197429657
44,719,2,0.023899421095848083
44,719,4,0.742299497127533
44,720,1,0.23235809803009036
44,720,2,0.02337277680635452
44,720,4,0.7442691326141356
44,721,1,0.23388515412807465
44,721,2,0.02402009069919586
44,721,4,0.7420947551727296
44,722,1,0.2328120917081833
44,722,2,0.023608710616827008
44,722,4,0.7435792088508606
44,723,1,0.23595887422561643
44,723,2,0.02491116523742676
44,723,4,0.7391300201416015
44,724,1,0.23801469802856445
44,724,2,0.02577467635273933
44,724,4,0.7362105846405029
44,725,1,0.2405923157930374
44,725,2,0.02693266607820988
44,725,4,0.7324750423431395
44,726,1,0.2404830306768417
44,726,2,0.026884224265813828
44,726,4,0.7326327562332153
44,727,1,0.23953501880168915
44,727,2,0.026477165520191193
44,727,4,0.7339878678321838
44,728,1,0.2435003221035004
44,728,2,0.02827083133161068
44,728,4,0.7282288670539856
44,729,1,0.24723947048187253
44,729,2,0.03008737973868847
44,729,4,0.7226731181144713
44,730,1,0.24334189295768735
44,730,2,0.02825082279741764
44,730,4,0.728407323360443
44,731,1,0.24007724225521088
44,731,2,0.02685888111591339
44,731,4,0.7330638766288757
44,732,1,0.23760046064853668
44,732,2,0.02584905736148357
44,732,4,0.7365505695343018
44,733,1,0.23649711906909943
44,733,2,0.02545202150940895
44,733,4,0.7380508184432982
44,734,1,0.23006315529346463
44,734,2,0.022928759455680847
44,734,4,0.7470080852508546
44,735,1,0.22742232680320737
44,735,2,0.021983176469802856
44,735,4,0.7505944967269897
44,736,1,0.22451128065586087
44,736,2,0.020956477150321007
44,736,4,0.7545323371887206
44,737,1,0.22533541917800903
44,737,2,0.02131000719964504
44,737,4,0.7533545494079591
44,738,1,0.22466683387756348
44,738,2,0.021098904311656952
44,738,4,0.7542343735694885
44,739,1,0.2250618189573288
44,739,2,0.021255623549222943
44,739,4,0.7536826133728027
44,740,1,0.22642506659030917
44,740,2,0.02176089212298393
44,740,4,0.751814067363739
44,741,1,0.2256372570991516
44,741,2,0.02147969789803028
44,741,4,0.7528830766677856
44,742,1,0.22388698160648343
44,742,2,0.020844323560595512
44,742,4,0.7552688121795654
44,743,1,0.22325024008750916
44,743,2,0.02057010866701603
44,743,4,0.7561795711517334
44,744,1,0.2258365750312805
44,744,2,0.021557204425334927
44,744,4,0.7526062726974486
44,745,1,0.22487686574459076
44,745,2,0.021203164011240005
44,745,4,0.7539199590682982
44,746,1,0.2286471575498581
44,746,2,0.022647589445114132
44,746,4,0.7487052083015443
44,747,1,0.23014636337757113
44,747,2,0.023235805332660675
44,747,4,0.7466178536415101
44,748,1,0.23262690007686612
44,748,2,0.02422228269279003
44,748,4,0.7431507706642151
44,749,1,0.23731942474842072
44,749,2,0.026207977905869484
44,749,4,0.7364726066589355
44,750,1,0.23670388758182523
44,750,2,0.02594779431819916
44,750,4,0.7373483777046204
44,751,1,0.2404823303222656
44,751,2,0.027620980516076088
44,751,4,0.7318966388702391
44,752,1,0.24317036569118497
44,752,2,0.0288977213203907
44,752,4,0.7279319167137147
44,753,1,0.23294396698474884
44,753,2,0.02438022941350937
44,753,4,0.7426759004592894
44,754,1,0.22548440098762512
44,754,2,0.021499214693903923
44,754,4,0.7530164122581483
44,755,1,0.21829840540885925
44,755,2,0.018648838624358177
44,755,4,0.7630527615547181
44,756,1,0.21548840403556824
44,756,2,0.017569350078701973
44,756,4,0.7669422626495361
44,757,1,0.21227523684501648
44,757,2,0.01640935428440571
44,757,4,0.7713154554367065
44,758,1,0.21240410208702087
44,758,2,0.016434617340564728
44,758,4,0.7711613178253175
44,759,1,0.2114441990852356
44,759,2,0.01609337516129017
44,759,4,0.7724624872207642
44,760,1,0.2105807512998581
44,760,2,0.015780139714479446
44,760,4,0.7736390829086303
44,761,1,0.21145501732826233
44,761,2,0.0160366240888834
44,761,4,0.7725084424018861
44,762,1,0.21147212386131287
44,762,2,0.016031652688980103
44,762,4,0.7724961638450623
44,763,1,0.21529012918472287
44,763,2,0.017354926094412804
44,763,4,0.7673549652099609
44,764,1,0.2179023623466492
44,764,2,0.018304999917745594
44,764,4,0.76379257440567
44,765,1,0.22104081511497495
44,765,2,0.01954794488847256
44,765,4,0.7594112157821654
44,766,1,0.2239613234996796
44,766,2,0.020707884803414345
44,766,4,0.7553308010101318
44,767,1,0.22308748960494995
44,767,2,0.020372675731778145
44,767,4,0.7565398216247559
44,768,1,0.22574710845947263
44,768,2,0.02132944203913212
44,768,4,0.7529234886169434
44,769,1,0.22536364197731015
44,769,2,0.0211641788482666
44,769,4,0.7534722089767456
44,770,1,0.22832307219505313
44,770,2,0.02222592197358608
44,770,4,0.7494509816169738
44,771,1,0.2316501885652542
44,771,2,0.02349607273936272
44,771,4,0.7448537349700927
44,772,1,0.23467022180557248
44,772,2,0.024704793468117717
44,772,4,0.7406249642372131
44,773,1,0.23678229749202728
44,773,2,0.02558291889727116
44,773,4,0.7376347184181212
44,774,1,0.24057815968990323
44,774,2,0.027254972606897358
44,774,4,0.7321668863296509
44,775,1,0.24674609303474423
44,775,2,0.030202267691493034
44,775,4,0.7230516672134398
44,776,1,0.24417892098426816
44,776,2,0.028927201405167576
44,776,4,0.7268938422203064
44,777,1,0.2412496358156204
44,777,2,0.027562608942389488
44,777,4,0.7311877608299254
44,778,1,0.22884124517440796
44,778,2,0.022359658032655716
44,778,4,0.7487990856170654
44,779,1,0.22138139605522156
44,779,2,0.019527005031704903
44,779,4,0.759091556072235
44,780,1,0.21928258240222928
44,780,2,0.01864242553710937
44,780,4,0.7620750069618225
44,781,1,0.21543872356414795
44,781,2,0.01717423088848591
44,781,4,0.7673870325088501
44,782,1,0.2198805809020996
44,782,2,0.018806327134370804
44,782,4,0.7613131403923034
44,783,1,0.22081288695335388
44,783,2,0.01912349089980125
44,783,4,0.7600635886192322
44,784,1,0.215979278087616
44,784,2,0.0172716174274683
44,784,4,0.7667491436004639
44,785,1,0.21774375438690183
44,785,2,0.017882490530610085
44,785,4,0.7643737196922302
44,786,1,0.21430538594722748
44,786,2,0.01661723665893078
44,786,4,0.7690774202346802
44,787,1,0.21758912503719327
44,787,2,0.01775498315691948
44,787,4,0.7646558284759521
44,788,1,0.22215163707733157
44,788,2,0.019439157098531723
44,788,4,0.7584092617034912
44,789,1,0.21874645352363584
44,789,2,0.018092999234795567
44,789,4,0.7631605267524718
44,790,1,0.2211497724056244
44,790,2,0.018970148637890812
44,790,4,0.7598800659179686
44,791,1,0.2235843539237976
44,791,2,0.01977919414639473
44,791,4,0.7566364407539367
44,792,1,0.22354893386363983
44,792,2,0.019710151478648186
44,792,4,0.7567408680915833
44,793,1,0.22044119238853452
44,793,2,0.01855061948299408
44,793,4,0.7610081434249878
44,794,1,0.22560226917266843
44,794,2,0.02030455321073532
44,794,4,0.7540931701660156
44,795,1,0.22599549591541288
44,795,2,0.02039055526256561
44,795,4,0.7536139488220215
44,796,1,0.23065547645092008
44,796,2,0.02203461341559887
44,796,4,0.747309923171997
44,797,1,0.2332895994186401
44,797,2,0.02301368862390518
44,797,4,0.7436967492103576
44,798,1,0.23337729275226596
44,798,2,0.02301545441150665
44,798,4,0.7436071634292601
44,799,1,0.23738886415958405
44,799,2,0.02455192245543003
44,799,4,0.7380592226982116
44,800,1,0.24169212579727167
44,800,2,0.026344513520598408
44,800,4,0.7319633960723877
44,801,1,0.23527866601943967
44,801,2,0.023644572123885155
44,801,4,0.7410767674446107
44,802,1,0.22463662922382355
44,802,2,0.01969960518181324
44,802,4,0.7556637525558471
44,803,1,0.2172335982322693
44,803,2,0.017056601122021675
44,803,4,0.7657097578048706
44,804,1,0.21477973461151123
44,804,2,0.016105331480503082
44,804,4,0.769114911556244
44,805,1,0.2143350839614868
44,805,2,0.015879051759839054
44,805,4,0.7697858214378357
44,806,1,0.2144213765859604
44,806,2,0.015838054940104485
44,806,4,0.7697404623031616
44,807,1,0.21264497935771945
44,807,2,0.015206264331936836
44,807,4,0.7721486687660217
44,808,1,0.2132308930158615
44,808,2,0.01534320507198572
44,808,4,0.7714259624481201
44,809,1,0.21262826025485992
44,809,2,0.015094836242496967
44,809,4,0.7722768783569336
44,810,1,0.21369934082031247
44,810,2,0.015375012531876564
44,810,4,0.7709255814552307
44,811,1,0.21685220301151276
44,811,2,0.016350427642464634
44,811,4,0.7667974233627318
44,812,1,0.22102221846580505
44,812,2,0.017718281596899033
44,812,4,0.7612595558166504
